:020000040000fa
:080000000002040000000000f2
:020000040000fa
:040008005809000093
:020000040000fa
:04000c00c808000020
:020000040000fa
:04001000e408000000
:020000040000fa
:04001400900900004f
:020000040000fa
:040018007409000067
:020000040000fa
:04001c003e0a000098
:020000040000fa
:0400200000090000d3
:020000040000fa
:040024003e0a000090
:020000040000fa
:040028003e0a00008c
:020000040000fa
:04002c00b409000013
:020000040000fa
:040030003e0a000084
:020000040000fa
:040034003e0a000080
:020000040000fa
:040038003e0a00007c
:020000040000fa
:04003c003e0a000078
:020000040000fa
:040040003e0a000074
:020000040000fa
:040044003e0a000070
:020000040000fa
:040048003e0a00006c
:020000040000fa
:04004c003e0a000068
:020000040000fa
:040050003e0a000064
:020000040000fa
:040054003e0a000060
:020000040000fa
:040058003e0a00005c
:020000040000fa
:04005c003e0a000058
:020000040000fa
:040060003e0a000054
:020000040000fa
:040064003e0a000050
:020000040000fa
:040068003e0a00004c
:020000040000fa
:04006c003e0a000048
:020000040000fa
:040070003e0a000044
:020000040000fa
:040074003e0a000040
:020000040000fa
:040078003e0a00003c
:020000040000fa
:04007c003e0a000038
:020000040000fa
:040080003e0a000034
:020000040000fa
:040084003e0a000030
:020000040000fa
:040088003e0a00002c
:020000040000fa
:04008c005408000014
:020000040000fa
:040090003e0a000024
:020000040000fa
:040094003e0a000020
:020000040000fa
:040098003e0a00001c
:020000040000fa
:04009c003e0a000018
:020000040000fa
:0400a0003e0a000014
:020000040000fa
:0400a4003e0a000010
:020000040000fa
:0400a8003e0a00000c
:020000040000fa
:0400ac003e0a000008
:020000040000fa
:0400b0003e0a000004
:020000040000fa
:0400b4003e0a000000
:020000040000fa
:0400b8003e0a0000fc
:020000040000fa
:0400bc003e0a0000f8
:020000040000fa
:0400c0003e0a0000f4
:020000040000fa
:0400c4003e0a0000f0
:020000040000fa
:0400c8003e0a0000ec
:020000040000fa
:0400cc003e0a0000e8
:020000040000fa
:0400d0003e0a0000e4
:020000040000fa
:0400d4003e0a0000e0
:020000040000fa
:0400d8003e0a0000dc
:020000040000fa
:0400dc00a808000070
:020000040000fa
:0400e0003e0a0000d4
:020000040000fa
:0400e4003e0a0000d0
:020000040000fa
:0400e8003e0a0000cc
:020000040000fa
:0400ec003e0a0000c8
:020000040000fa
:0400f0003e0a0000c4
:020000040000fa
:0400f4003e0a0000c0
:020000040000fa
:0400f8003e0a0000bc
:020000040000fa
:0400fc003e0a0000b8
:020000040000fa
:040100003e0a0000b3
:020000040000fa
:040104003e0a0000af
:020000040000fa
:040108003e0a0000ab
:020000040000fa
:04010c003e0a0000a7
:020000040000fa
:040110003e0a0000a3
:020000040000fa
:040114003e0a00009f
:020000040000fa
:040118003e0a00009b
:020000040000fa
:04011c003e0a000097
:020000040000fa
:040120003e0a000093
:020000040000fa
:040124003e0a00008f
:020000040000fa
:040128003e0a00008b
:020000040000fa
:04012c003e0a000087
:020000040000fa
:040130003e0a000083
:020000040000fa
:040134003e0a00007f
:020000040000fa
:040138003e0a00007b
:020000040000fa
:04013c003e0a000077
:020000040000fa
:040140003e0a000073
:020000040000fa
:040144003e0a00006f
:020000040000fa
:040148003e0a00006b
:020000040000fa
:04014c003e0a000067
:020000040000fa
:040150003e0a000063
:020000040000fa
:040154003e0a00005f
:020000040000fa
:040158003e0a00005b
:020000040000fa
:04015c003e0a000057
:020000040000fa
:040160003e0a000053
:020000040000fa
:040164008808000007
:020000040000fa
:040168003e0a00004b
:020000040000fa
:04016c003e0a000047
:020000040000fa
:040170003e0a000043
:020000040000fa
:040174003e0a00003f
:020000040000fa
:040178003e0a00003b
:020000040000fa
:04017c003e0a000037
:020000040000fa
:040180003e0a000033
:020000040000fa
:040184003e0a00002f
:020000040000fa
:040188003e0a00002b
:020000040000fa
:04018c003e0a000027
:020000040000fa
:04019000ba050000ac
:020000040000fa
:04019400d00900008e
:020000040000fa
:04019800200800003b
:020000040000fa
:04019c00b4060000a5
:020000040000fa
:0401a0003e0a000013
:020000040000fa
:0401a4003e0a00000f
:020000040000fa
:0401a8003e0a00000b
:020000040000fa
:0401ac003e0a000007
:020000040000fa
:0401b0003e0a000003
:020000040000fa
:0401b4003e0a0000ff
:020000040000fa
:0401b800e806000055
:020000040000fa
:0401bc001c0700001c
:020000040000fa
:0401c0003e0a0000f3
:020000040000fa
:0401c4003e0a0000ef
:020000040000fa
:0401c8003e0a0000eb
:020000040000fa
:0401cc0050070000d8
:020000040000fa
:0401d00084070000a0
:020000040000fa
:0401d4003e0a0000df
:020000040000fa
:0401d8003e0a0000db
:020000040000fa
:0401dc003e0a0000d7
:020000040000fa
:0401e000b80700005c
:020000040000fa
:0401e4003e0a0000cf
:020000040000fa
:0401e8003e0a0000cb
:020000040000fa
:0401ec003e0a0000c7
:020000040000fa
:0401f0003e0a0000c3
:020000040000fa
:0401f4003e0a0000bf
:020000040000fa
:0401f8003e0a0000bb
:020000040000fa
:0401fc003e0a0000b7
:020000040000fa
:040200003e0a0000b2
:020000040000fa
:040204003e0a0000ae
:020000040000fa
:040208003e0a0000aa
:020000040000fa
:04020c003e0a0000a6
:020000040000fa
:040210003e0a0000a2
:020000040000fa
:040214003e0a00009e
:020000040000fa
:040218003e0a00009a
:020000040000fa
:04021c003e0a000096
:020000040000fa
:040220003e0a000092
:020000040000fa
:040224003e0a00008e
:020000040000fa
:040228003e0a00008a
:020000040000fa
:04022c003e0a000086
:020000040000fa
:040230003e0a000082
:020000040000fa
:040234003e0a00007e
:020000040000fa
:040238003e0a00007a
:020000040000fa
:04023c003e0a000076
:020000040000fa
:040240003e0a000072
:020000040000fa
:040244003e0a00006e
:020000040000fa
:040248003e0a00006a
:020000040000fa
:04024c003e0a000066
:020000040000fa
:040250003e0a000062
:020000040000fa
:040254003e0a00005e
:020000040000fa
:040258003e0a00005a
:020000040000fa
:04025c003e0a000056
:020000040000fa
:040260003e0a000052
:020000040000fa
:040264003e0a00004e
:020000040000fa
:040268003e0a00004a
:020000040000fa
:04026c003e0a000046
:020000040000fa
:040270003e0a000042
:020000040000fa
:040274003e0a00003e
:020000040000fa
:040278003e0a00003a
:020000040000fa
:04027c003e0a000036
:020000040000fa
:040280003e0a000032
:020000040000fa
:040284003e0a00002e
:020000040000fa
:040288003e0a00002a
:020000040000fa
:04028c003e0a000026
:020000040000fa
:040290003e0a000022
:020000040000fa
:040294003e0a00001e
:020000040000fa
:040298003e0a00001a
:020000040000fa
:04029c003e0a000016
:020000040000fa
:0402a0003e0a000012
:020000040000fa
:0402a4003e0a00000e
:020000040000fa
:0402a8003e0a00000a
:020000040000fa
:0402ac003e0a000006
:020000040000fa
:0402b0003e0a000002
:020000040000fa
:0402b4003e0a0000fe
:020000040000fa
:0402b8003e0a0000fa
:020000040000fa
:0402bc003e0a0000f6
:020000040000fa
:0402c0003e0a0000f2
:020000040000fa
:0402c4003e0a0000ee
:020000040000fa
:0402c8003e0a0000ea
:020000040000fa
:0402cc003e0a0000e6
:020000040000fa
:0402d0003e0a0000e2
:020000040000fa
:0402d4003e0a0000de
:020000040000fa
:0402d8003e0a0000da
:020000040000fa
:0402dc003e0a0000d6
:020000040000fa
:0402e0003e0a0000d2
:020000040000fa
:0402e4003e0a0000ce
:020000040000fa
:0402e8003e0a0000ca
:020000040000fa
:0402ec003e0a0000c6
:020000040000fa
:0402f0003e0a0000c2
:020000040000fa
:0402f4003e0a0000be
:020000040000fa
:0402f8003e0a0000ba
:020000040000fa
:0402fc003e0a0000b6
:020000040000fa
:040300003e0a0000b1
:020000040000fa
:040304003e0a0000ad
:020000040000fa
:040308003e0a0000a9
:020000040000fa
:04030c003e0a0000a5
:020000040000fa
:040310003e0a0000a1
:020000040000fa
:040314003e0a00009d
:020000040000fa
:040318003e0a000099
:020000040000fa
:04031c003e0a000095
:020000040000fa
:040320003e0a000091
:020000040000fa
:040324003e0a00008d
:020000040000fa
:040328003e0a000089
:020000040000fa
:04032c003e0a000085
:020000040000fa
:040330003e0a000081
:020000040000fa
:040334003e0a00007d
:020000040000fa
:100400002f712100eefc26000e0188000000000084
:10041000000020000000e000020032000001200087
:100420002002880014000700160407000000e00006
:1004300003003a0060f923000100200002003700a9
:100440000000200001002000810f70000100320038
:100450000f000700000020000000e0000200320052
:1004600000000200000000007848020000000000c8
:100470000040da000000fe00a01f20000000e000a5
:1004800002003200002020009001880000000600d9
:10049000a1028800800478000000eb001f003700f4
:1004a000e284440054a0b4009905ba00e2844400f8
:1004b00054a0b4009906ba00e284440054a0b400e9
:1004c0000006eb00476fde00fd07b200ae018800ba
:1004d000636ce10003003a000ad801000000eb0061
:1004e0000e003700606ce10008003a00004deb00a0
:1004f0000a05e800020039003420ec000af0a000f0
:100500008b05e900f9ff3e00040037006168e10057
:10051000010032000086eb000b00070019c7ba008b
:100520001905ba000e04e00003003a000a00e000da
:10053000dbff3a0000000600fe07b200ae028800b2
:100540008a047800f5ff37000cd0a300e20f4d00bd
:100550001c003b0089027800354dba000a05e8000e
:10056000020039003420ec000af0a0008b05e900fd
:100570000f003200254dba000a05e80002003900dc
:100580003420ec000af0a0008b05e90008003200de
:100590000c00e0000600320015cdba000a05e800a4
:1005a000020039003420ec000af0a0008b05e900bd
:1005b0008984e80054a0b4000b00e000e2ff3a0098
:1005c000000006009902ba00055d78008b05e9007d
:1005d000f7ff3200c82ade00055d78008b05e900d0
:1005e000f3ff32000c00e000f1ff320019ddba0029
:1005f000eeff370002240400000000000c24040079
:1006000000000000b8240400000000003a220400aa
:10061000000000001e200400000000002220040052
:100620000000000026200400000000002a20040032
:10063000000000002e200400000000003020040014
:10064000000000007220040000000000ca20040026
:1006500000000000f020040000000000f42004006e
:1006600000000000f820040000000000fc2004004e
:1006700000000000fa23040000000000b025040080
:10068000000000000424040000000000b424040062
:10069000000000000e2404000000000002210400fd
:1006a000000000005421040000000000a621040006
:1006b00000000000e821040000000000c225040042
:1006c00000000000fa2204000000000004230400df
:1006d00000000000aa190400000000000620040029
:1006e0000000000008200400000000000a200400b0
:1006f000000000000c200400000000000e20040098
:10070000000000000420040000000000741e04002b
:1007100000000000221c040000000000041c040073
:1007200000000000ba180400000000008a1c040049
:10073000000000007c190400000000009a1c040066
:1007400000000000102004000000000092190400c6
:10075000000000009a19040000000000641e04005c
:10076000000000001c1f0400000000000a1b040021
:100770000000000084190400000000008c1904002f
:1007800000000000541e040000000000c218040015
:10079000000000006619040000000000a219040017
:1007a00000000000ac19040000000000b4190400af
:1007b00000000000bc19040000000000c41904007f
:1007c00000000000cc19040000000000d41904004f
:1007d00000000000dc190400000000009c4604003a
:1007e000000000002a4604000000000056460400f5
:1007f000000000007e460400000000008246040065
:10080000000000007646040000000000944604004a
:100810000000000086460400000000008a46040034
:10082000000000008e46040000000000aa440400fe
:100830000000000040440400000000006844040080
:10084000000000008c4404000000000090440400fc
:10085000000000008444040000000000a2440400e2
:1008600000000000ac4404000000000094440400b8
:100870000000000098440400000000009c440400b4
:1008800000000000302b040000000000342a0400a7
:10089000000000006e2a0400000000007e2a040010
:1008a00000000000ca2a040000000000ec2a040036
:1008b00000000000322b0400000000009a2d04000c
:1008c00000000000e42c040000000000102d0400d3
:1008d00000000000642d040000000000282b04002c
:1008e00000000000402b0400000000003a12040049
:1008f00000000000001004000000000026110400a9
:1009000000000000c60c040000000000bc0c040045
:1009100000000000d00c040000000000d40c040013
:1009200000000000d80c040000000000dc0c0400f3
:10093000000000009612040000000000040d0400f6
:10094000000000002c0d0400000000005c0d0400fd
:1009500000000000840d04000000000014130400d7
:10096000000000006413040000000000b40d040047
:1009700000000000e20d0400000000000a0e040068
:1009800000000000320e0400000000005a0e0400b7
:1009900000000000820e040000000000aa0e040007
:1009a00000000000d20e040000000000020f04004e
:1009b00000000000b4130400000000006c140400e8
:1009c00000000000dc1504000000000024150400f5
:1009d00000000000940c0400000000006c0c0400f7
:1009e000000000009218040000000000880f0400be
:1009f00000000000b00f0400000000002a0f0400f7
:100a000000000000520f040000000000d80f040096
:100a100000000000aa1604000000000024170400d3
:100a2000000000009e1704000000000018180400d9
:100a30000000000032120400000000003c1204001c
:100a400000000000ba4304000000000072480400e7
:100a50000000000032480400000000004648040086
:100a60000000000052480400000000005a48040042
:100a70000000000060480400000000002648040058
:100a8000000000002c48040000000000644804003e
:100a9000000000006a480400000000003238040032
:100aa000000000004e380400000000006038040020
:100ab000000000007a3804000000000084380400c0
:100ac000000000008c380400000000009a38040088
:100ad00000000000a838040000000000ac3804004a
:100ae00000000000b038040000000000c838040016
:100af00000000000d0380400000000002e3904007f
:100b000000000000363904000000000048390400ed
:100b100000000000a639040000000000d8380400de
:100b200000000000f22d0400000000000c2e040064
:100b300000000000342e040000000000222e0400fb
:100b400000000000462e0400000000007830040081
:100b50000000000088300400000000009c3d0400fc
:100b600000000000b43d0400000000000e47040037
:100b7000000000003600f800809fbe00829fbe008b
:100b8000849fbe00869fbe003200f8003400f8004b
:100b900010002000a00188000020200000d0fe00ee
:100ba000008380000000e00001003200000001002e
:100bb0000ba8ab0062003a000c88ab004d003a0075
:100bc0000ca8ab0054003a000d28ab003f003a00df
:100bd0000d48ab0033003a000dc8ab0027003a00c7
:100be0000b68ab001b003a000b88ab0009003a0011
:100bf0000b48a9003400f9003200f9004f03be0091
:100c00004f02be004f01be004f00be003600f9008b
:100c10000040060071608000f28280000200e00067
:100c20000200320070002000020001000b88a900c1
:100c30000b48a9003400f9003200f9004f03be0050
:100c40004f02be004f01be004f00be003600f9004b
:100c50000040060061608000f28280000200e00037
:100c60000200320060002000020001000b68a900b1
:100c70000b88ab00deff3200e6ff37009161800099
:100c8000f28280000200e0000200320050002000ea
:100c9000020001000dc8a9000b68ab00d2ff3200b2
:100ca000ecff370051618000f28280000200e0001a
:100cb0000200320040002000020001000d48a9009f
:100cc0000dc8ab00c6ff3200ecff37004161800069
:100cd000f28280000200e0000200320030002000ba
:100ce000020001000d28a9000d48ab00baff320038
:100cf000ecff3700f1608000f28280000200e0002b
:100d00000200320010002000020001000c88a9003f
:100d10000ca8ab00acff320001618000f2828000c1
:100d20000200e0000200320020002000020001006a
:100d30000ca8a9000d28ab00a5ff3200e3ff370087
:100d400081608000f28280000200e0000200320038
:100d50000000eb00020001000ba8a9000c88ab000a
:100d600097ff3200e3ff37003600f800809fbe0097
:100d7000829fbe00849fbe00869fbe003200f800a6
:100d80003400f80010002000a0018800002020009e
:100d900000d0fe0081608000f28280000200e0004e
:100da000020032000000eb00020001000ba8a900c5
:100db0003400f9003200f9004f03be004f02be00bc
:100dc0004f01be004f00be003600f9000040060093
:100dd0003600f800809fbe00829fbe00849fbe0048
:100de000869fbe003200f8003400f800100020009a
:100df000a00188000020200000d0fe00f1608000eb
:100e0000f28280000200e0000200320010002000a8
:100e1000020001000c88a9003400f9003200f9003a
:100e20004f03be004f02be004f01be004f00be0088
:100e30003600f900004006003600f800809fbe0032
:100e4000829fbe00849fbe00869fbe003200f800d5
:100e50003400f80010002000a001880000202000cd
:100e600000d0fe0001618000f28280000200e000fc
:100e70000200320020002000020001000ca8a9009e
:100e80003400f9003200f9004f03be004f02be00eb
:100e90004f01be004f00be003600f90000400600c2
:100ea0003600f800809fbe00829fbe00849fbe0077
:100eb000869fbe003200f8003400f80010002000c9
:100ec000a00188000020200000d0fe0041618000c9
:100ed000f28280000200e0000200320030002000b8
:100ee000020001000d28a9003400f9003200f900c9
:100ef0004f03be004f02be004f01be004f00be00b8
:100f00003600f900004006003600f800809fbe0061
:100f1000829fbe00849fbe00869fbe003200f80004
:100f20003400f80010002000a001880000202000fc
:100f300000d0fe0051618000f28280000200e000db
:100f40000200320040002000020001000d48a9000c
:100f50003400f9003200f9004f03be004f02be001a
:100f60004f01be004f00be003600f90000400600f1
:100f70003600f800809fbe00829fbe00849fbe00a6
:100f8000869fbe003200f8003400f80010002000f8
:100f9000a00188000020200000d0fe0091618000a8
:100fa000f28280000200e0000200320050002000c7
:100fb000020001000dc8a9003400f9003200f90058
:100fc0004f03be004f02be004f01be004f00be00e7
:100fd0003600f900004006003600f800809fbe0091
:100fe000829fbe00849fbe00869fbe003200f80034
:100ff0003400f80010002000a0018800002020002c
:1010000000d0fe0061608000f28280000200e000fb
:101010000200320060002000020001000b68a900fd
:101020003400f9003200f9004f03be004f02be0049
:101030004f01be004f00be003600f9000040060020
:101040003600f800809fbe00829fbe00849fbe00d5
:10105000869fbe003200f8003400f8001000200027
:10106000a00188000020200000d0fe0071608000f8
:10107000f28280000200e0000200320070002000d6
:10108000020001000b88a9003400f9003200f900c9
:101090004f03be004f02be004f01be004f00be0016
:1010a0003600f900004006003600f800809fbe00c0
:1010b000829fbe00849fbe00869fbe00ddc5ab0040
:1010c00007003a000328a9004f03be004f02be00ec
:1010d0004f01be004f00be003600f9000040060080
:1010e000108180000000e0000100320000000100db
:1010f000ddc5a9000328a9004f03be004f02be00b2
:101100004f01be004f00be003600f900004006004f
:101110003600f800809fbe00829fbe00849fbe0004
:10112000869fbe00708380000000e0000100320056
:101130000000010009e8a9004f03be004f02be00f5
:101140004f01be004f00be003600f900004006000f
:101150003600f800809fbe00829fbe00849fbe00c4
:10116000869fbe00408280000000e0000100320047
:101170000000010005a8a9004f03be004f02be00f9
:101180004f01be004f00be003600f90000400600cf
:101190003600f800809fbe00829fbe00849fbe0084
:1011a000869fbe00c068a9002000200056200700ce
:1011b0004f03be004f02be004f01be004f00be00f5
:1011c0003600f900004006003600f800809fbe009f
:1011d000829fbe00849fbe00869fbe00c608a900f5
:1011e00070002000482007004f03be004f02be00e1
:1011f0004f01be004f00be003600f900004006005f
:101200003600f800809fbe00829fbe00849fbe0013
:10121000869fbe00c488ab0009003a00c4a8ab009a
:101220001d003a00c508ab0015003a00c528ab0008
:101230000d003a00c408ab0007003a00ffff37007a
:10124000c488a900a00020002f200700c4a8ab007c
:10125000f4ff320010003700c408a900b0002000dd
:1012600029200700f5ff3700c528a900d00020007d
:1012700025200700c408ab00f0ff3200f6ff37005e
:10128000c508a900c00020001f200700c528ab002a
:10129000e8ff3200f4ff3700c4a8a9009000200046
:1012a00019200700c508ab00e0ff3200f4ff37004b
:1012b0003600f800809fbe00829fbe00849fbe0063
:1012c000869fbe00c028a9000000eb000e2007008a
:1012d0004f03be004f02be004f01be004f00be00d4
:1012e0003600f900004006003600f800809fbe007e
:1012f000829fbe00849fbe00869fbe00c088a9005a
:1013000030002000002007004f03be004f02be0047
:101310004f01be004f00be003600f900004006003d
:101320003600f800809fbe00829fbe00849fbe00f2
:10133000869fbe00a06d210080077800206f2100ed
:1013400000018800c048a90010002000ee1f07001f
:101350004f03be004f02be004f01be004f00be0053
:101360003600f900004006003600f800809fbe00fd
:10137000829fbe00849fbe00869fbe00b083800017
:10138000000001000028a9004f03be004f02be006c
:101390004f01be004f00be003600f90000400600bd
:1013a0003600f800809fbe00829fbe00849fbe0072
:1013b000869fbe00881f78003200f8003400f800d5
:1013c00010002000a00188000020200000d0fe00b6
:1013d0005bcea80008848000606080004014980004
:1013e000706080006014980071608000801620009a
:1013f00008004000b81b0700303c9900da1d0700c8
:1014000008cba800181a0700008480001000900084
:10141000e10f50000c003e00851807005bcea900cc
:101420000b68a9003400f9003200f9004f0478007d
:101430004f03be004f02be004f01be004f00be0072
:101440003600f90000400600b21f070078180700b8
:101450005bcea9000b68a9003400f9003200f90046
:101460004f0478004f03be004f02be004f01be0084
:101470004f00be003600f900004006000040da00d0
:101480000000fe00000005006022b80006022000f7
:101490000000d0008180d2000482d2008582d20078
:1014a0000000a0000202520083825a0003003100b3
:1014b0000202420083824a000000a1000603e90004
:1014c000f3ff3a00000006008001e90002814000bd
:1014d000828f500001003a0000000600b1697800d8
:0414e000fbff3700d7
:020000040000fa
:1014e40046690000726d00007761000072650000bb
:1014f4002056000065720000736900006f6e0000e2
:10150400203100002e3000002e3000002e3000006c
:101514002e2e00002e2e00002e2e00002e2e000057
:101524002e2e00002e2e00002e2e00002e2e000047
:101534002e2e00002e2e00002e2e00002e2e000037
:101544002e2e00002e2e00002e2e00002e2e000027
:101554002e2e00002e2e00002e2e00002e21000024
:10156400004c00006f670000204d00006573000010
:10157400736100006765000020460000726f000080
:101584006d200000507200006f7400006f63000053
:101594006f6c0000204900004420000030780000f7
:1015a40033300000302e00002e2e00002e2e0000be
:1015b4002e2e00002e2e00002e2e00002e2e0000b7
:1015c4002e2e00002e2e00002e2e00002e2e0000a7
:1015d4002e2e00002e2e00002e2e00002e2e000097
:1015e4000d0000000010000026110000c60c0000d1
:1015f400bc0c0000d00c0000d40c0000d80c00007f
:10160400dc0c000096120000040d00002c0d0000fc
:101614005c0d0000840d000014130000641300002e
:10162400b40d0000e20d00000a0e0000320e0000ae
:101634005a0e0000820e0000aa0e0000d20e000016
:10164400020f0000b41300006c140000dc1500004d
:10165400241500000000000000000000000000004d
:10166400000000000000000000000000940c0000d6
:101674006c0c000092180000880f0000b00f0000ee
:101684002a0f0000520f0000d80f0000aa16000015
:10169400241700009e1700001818000032120000e2
:1016a400000000003c1200000000000000010000e7
:1016b400020300000405000006070000080c0000f7
:1016c400101400001820000030400000741e0000b8
:1016d400221c0000041c0000ba1800008a1c000030
:1016e4007c1900009a1c00001020000092190000d0
:1016f4009a190000641e00001c1f00000a1b000051
:10170400841900008c190000541e0000c218000047
:1017140066190000a2190000ac190000b4190000f9
:10172400bc190000c4190000cc190000d419000031
:10173400dc190000b82400003a2200001e2000003a
:1017440022200000262000002a2000002e20000075
:101754003020000072200000ca200000f0200000a9
:10176400f4200000f8200000fc200000fa23000010
:10177400b0250000be8b000004240000b424000047
:101784000e2400000000000002210000542100008b
:10179400a6210000e8210000c2250000fa22000072
:1017a40004230000323800004e3800006038000086
:1017b4007a380000843800008c3800009a38000021
:1017c400a8380000ac380000000000000000000051
:1017d400b0380000c8380000d03800002e390000ae
:1017e4003639000048390000a6390000d838000016
:1017f40000000000000000000000000000000000e5
:101804000000000000000000342a00006e2a0000de
:101814007e2a0000ca2a0000ec2a0000322b0000b5
:101824009a2d0000e42c0000102d0000642d00000f
:10183400282b0000402b00002a46000056460000da
:101844007e46000082460000764600009446000072
:10185400000000002e8c0000864600008a4600002e
:101864008e46000040440000684400008c440000a0
:101874009044000084440000a2440000ac440000f2
:10188400448c000094440000984400009c440000f0
:101894003248000046480000524800005a48000000
:1018a40060480000264800002c48000064480000fe
:1018b4006a48000000000000f22d00000c2e000019
:1018c400342e0000222e0000462e00007830000046
:0418d4008830000058
:020000040000fa
:1018d800e20f500010003200e20f50000600360000
:1018e800e30f50000a003200e40f500006003a00ef
:1018f800cde3a80000000600e10f500003003a0005
:101908002be3a80000000600000006000000060007
:1019180097e3a8000000060061e3a80000000600a5
:10192800e20f500010003200e20f500006003600af
:10193800e30f50000a003200e40f500006003a009e
:10194800cde3a90000000600e10f500003003a00b3
:101958002be3a900000006000000060000000600b6
:1019680097e3a9000000060061e3a9000000060053
:101978002be3a80061e3a80097e3a800cde3a80043
:10198800000006002be3a90061e3a90097e3a90082
:10199800cde3a900000006005018880000000600ea
:1019a8004018880000000600301888000000060073
:1019b800e20f500010003200e20f5000060036001f
:1019c800e30f50000a003200e40f500006003a000e
:1019d800a11f880000000600e10f500003003a0034
:1019e800911a8800000006000000060000000600aa
:1019f800f11d880000000600411c88000000060058
:101a0800e20f500010003200e20f500006003600ce
:101a1800e30f50000a003200e40f500006003a00bd
:101a2800811f880000000600e10f500003003a0003
:101a3800711a880000000600000006000000060079
:101a4800d11d880000000600211c88000000060047
:101a5800e20f500013003200e20f5000070036007a
:101a6800e30f50000c003200e40f500008003a0069
:101a7800dd210a00ce03000000000600e10f50003f
:101a880004003a00dd210a002c03000000000600d3
:101a98000000060000000600dd210a00980300008f
:101aa80000000600dd210a006203000000000600b5
:101ab800e20f500010003200e20f5000060036001e
:101ac800e30f50000a003200e40f500006003a000d
:101ad800711f880000000600e10f500003003a0063
:101ae800611a8800000006000000060000000600d9
:101af800c11d880000000600111c880000000600b7
:101b0800e20f500013003200e20f500007003600c9
:101b1800e30f50000c003200e40f500008003a00b8
:101b2800ba210a00d203000000000600e10f5000ad
:101b380004003a00ba210a00300300000000060041
:101b48000000060000000600ba210a009c030000fd
:101b580000000600ba210a00660300000000060023
:101b6800e20f50000f003200e20f5000070036006d
:101b7800e30f50000e003200e40f500008003a0056
:101b8800baa00a00d203000000000600e10f5000ce
:101b980003003a00baa00a00300300000000060063
:101ba80000000500baa00a00660300000000060055
:101bb800baa00a009c03000000000600e20f5000d3
:101bc80010003200e20f500006003600e30f50000c
:101bd8000a003200e40f500006003a00d3a3a80020
:101be80000000600e10f500003003a0031a3a800ee
:101bf8000000060000000600000006009da3a800e3
:101c08000000060067a3a80000000600e20f5000cd
:101c180010003200e20f500006003600e30f5000bb
:101c28000a003200e40f500006003a00d383a800ef
:101c380000000600e10f500003003a003183a800bd
:101c48000000060000000600000006009d83a800b2
:101c5800000006006783a80000000600e20f50009d
:101c680010003200e20f500006003600e30f50006b
:101c78000a003200e40f500006003a00d3a3a9007e
:101c880000000600e10f500003003a0031a3a9004c
:101c98000000060000000600000006009da3a90041
:101ca8000000060067a3a90000000600e20f50002c
:101cb80010003200e20f500006003600e30f50001b
:101cc8000a003200e40f500006003a00d383a9004e
:101cd80000000600e10f500003003a003183a9001c
:101ce8000000060000000600000006009d83a90011
:101cf800000006006783a90000000600e20f5000fc
:101d080010003200e20f500006003600e30f5000ca
:101d18000a003200e40f500006003a00e11f880074
:101d280000000600e10f500003003a00d11a8800b5
:101d3800000006000000060000000600311e8800b2
:101d480000000600811c880000000600e20f500019
:101d580010003200e20f500006003600e30f50007a
:101d68000a003200e40f500006003a00f11f880014
:101d780000000600e10f500003003a00e11a880055
:101d8800000006000000060000000600411e880052
:101d980000000600911c880000000600e20f5000b9
:101da80013003200e20f500007003600e30f500026
:101db8000c003200e40f500008003a00e11f8800d0
:101dc800f11f880000000600e10f500004003a00ef
:101dd800d11a8800e11a88000000060000000600f9
:101de80000000600311e8800411e88000000060021
:101df800811c8800911c880000000600e20f50003a
:101e080010003200e20f500006003600e30f5000c9
:101e18000a003200e40f500006003a00b11f8800a3
:101e280000000600e10f500003003a00a11a8800e4
:101e3800000006000000060000000600011e8800e1
:101e480000000600511c880000000600e20f500048
:101e580010003200e20f500006003600e30f500079
:101e68000a003200e40f500006003a00d063a800d0
:101e780000000600e10f500003003a002e63a8009e
:101e88000000060000000600000006009a63a80093
:101e9800000006006463a80000000600e20f50007e
:101ea80011003200e20f500008003600e30f500026
:101eb80011003200e40f50000a003a00801e800032
:101ec8004400de006140600000000600e10f5000a1
:101ed80004003a00701980004400de006140600090
:101ee8000000060000000500201b80004400de0002
:101ef8006140600000000600d01c80004400de0045
:101f08006140600000000600e20f5000100032003f
:101f1800e20f500006003600e30f50000a003200be
:101f2800e40f500006003a00c11f880000000600b8
:101f3800e10f500003003a00b11a880000000600c3
:101f48000000060000000600111e880000000600c0
:101f5800611c880000000600e20f500010003200eb
:101f6800e20f500006003600e30f50000a0032006e
:101f7800e40f500006003a00d11f88000000060058
:101f8800e10f500003003a00c11a88000000060063
:101f98000000060000000600211e88000000060060
:101fa800711c880000000600e20f5000100032008b
:101fb800e20f500006003600e30f50000a0032001e
:101fc800e40f500006003a00dae3a800000006001b
:101fd800e10f500003003a0038e3a80000000600b3
:101fe8000000060000000600a4e3a80000000600a8
:101ff8006ee3a80000000600800820005019880041
:10200800001b8800b01c8800601e88005e23ef005b
:102018003e23ef003c23ef002c23ef0006e22400d0
:10202800761a88005023ef0080252000e01a8800e7
:10203800d01a880001042000b119880091112000ed
:10204800a11988004223ef004023ef003a23ef0054
:102058003823ef00c20020009219880005202000d4
:10206800851988004a23ef004823ef0081c329001f
:10207800911a88004c23ef004623ef004423ef0019
:102088002e23ef005423ef005623ef005823ef00d0
:102098009423ef007423ef007223ef003300200035
:1020a800131b88008423ef008623ef00901c880010
:1020b800801c88006c23ef0083002000531b8800dd
:1020c8007823ef007623ef007023ef006e23ef00f4
:1020d800421b880004202200341b88008023ef0064
:1020e8007e23ef00411c88008223ef007c23ef0051
:1020f8007a23ef006423ef008a23ef008c23ef009c
:102108008e23ef00ca23ef00aa23ef00a823ef00d5
:1021180013002000c31c8800d61d8800bc23ef00d4
:10212800401e8800301e8800a223ef009601200080
:10213800061d8800ae23ef00ac23ef00a623ef00b6
:10214800a423ef00f21c8800e51c8800b623ef00ea
:10215800b423ef00f11d8800b823ef00b223ef008d
:10216800b023ef009a23ef00c023ef00c223ef0053
:10217800c423ef000024ef00e023ef00de23ef008c
:10218800731e8800f023ef00f223ef00f01f880091
:10219800e01f8800d823ef0080012000b01e8800cf
:1021a800e423ef00e223ef00dc23ef00da23ef0063
:1021b800a21e8800941e8800ec23ef00ea23ef009b
:1021c800a11f8800ee23ef00e823ef00e623ef00cd
:1021d800d023ef00f623ef00f823ef00fa23ef00f7
:1021e8001023ef000e23ef000223ef000423ef007b
:1021f8000c23ef001223ef001423ef001623ef0047
:102208001823ef001a23ef001c23ef000823ef0028
:1022180000012000501888000623ef0003188800ea
:102228001e23ef002023ef002223ef002423ef00da
:102238002623ef002823ef00a0232100a083880095
:10224800000006002be3a90061e3a90097e3a900b9
:10225800cde3a9002a23ef006023ef009623ef00c7
:10226800cc23ef005e23ef003e23ef003c23ef007a
:102278002c23ef004e23ef005023ef005c23ef00e8
:102288005a23ef003623ef003423ef004223ef00f8
:102298004023ef003a23ef003823ef003223ef000a
:1022a8003023ef004a23ef004823ef005223ef00ca
:1022b8004c23ef004623ef004423ef002e23ef00ca
:1022c8005423ef005623ef005823ef009423ef0028
:1022d8007423ef007223ef006223ef008423ef00e2
:1022e8008623ef009223ef009023ef006c23ef008a
:1022f8006a23ef007823ef007623ef007023ef00c6
:102308006e23ef006823ef006623ef008023ef00c1
:102318007e23ef008823ef008223ef007c23ef0069
:102328007a23ef006423ef008a23ef008c23ef0069
:102338008e23ef00ca23ef00aa23ef00a823ef00a3
:102348009823ef00ba23ef00bc23ef00c823ef0067
:10235800c623ef00a223ef00a023ef00ae23ef0077
:10236800ac23ef00a623ef00a423ef009e23ef0089
:102378009c23ef00b623ef00b423ef00be23ef0049
:10238800b823ef00b223ef00b023ef009a23ef0049
:10239800c023ef00c223ef00c423ef000024ef00a6
:1023a800e023ef00de23ef00ce23ef00f023ef0061
:1023b800f223ef00fe23ef00fc23ef00d823ef0009
:1023c800d623ef00e423ef00e223ef00dc23ef0045
:1023d800da23ef00d423ef00d223ef00ec23ef0041
:1023e800ea23ef00f423ef00ee23ef00e823ef00e9
:1023f800e623ef00d023ef00f623ef00f823ef00e9
:10240800fa23ef001023ef000e23ef000223ef0062
:102418000423ef000c23ef001223ef001423ef0036
:102428001623ef001823ef001a23ef001c23ef00f8
:102438000823ef000a23ef000623ef000023ef0034
:102448001e23ef002023ef002223ef002423ef00b8
:102458002623ef002823ef00000006000000e0001c
:1024680001003200a083880000000600000006007a
:10247800e20f50001d003200e20f50000700360046
:10248800e30f500011003200e40f50000e003a0034
:1024980008c8ab001d003a0000000600e10f50001c
:1024a80008003a000868ab00fbff3200a1838000f7
:1024b8000100e00001003200010001000868a900e5
:1024c80000000600000006000000060008a8ab0097
:1024d800f1ff3200a18380000100e000010032001a
:1024e8000100010008a8a900000006000888ab0048
:1024f800e9ff3200a18380000100e0000100320002
:10250800010001000888a90000000600a1838000de
:102518000100e000010032000100010008c8a90024
:1025280000000600e20f500025003200e20f5000c4
:102538000d003600e30f500018003200e40f500081
:1025480015003a0020210a00cc030000e28f500059
:102558002c003200a01e800054400a000000000039
:10256800a01e880000000600e10f500009003a0094
:1025780020210a002a030000e28f500025003200c3
:102588009019800054400a0000000000901988004b
:1025980000000600000006000000060020210a00d6
:1025a80096030000e28f500012003200f01c8000f9
:1025b80054400a0000000000f01c880000000600db
:1025c80020210a0060030000e28f5000050032005d
:1025d800401b800054400a0000000000401b880097
:1025e800000006001000200054200a0068030000c4
:1025f800000006001000200054200a009e0300007e
:10260800000006001000200054200a00d403000037
:102618000000060054200a003203000000000600f3
:10262800e20f50001f003200e20f50000b0036008e
:10263800e30f500014003200e40f500010003a007d
:10264800aaa00a00d20300008140d00080c0700018
:10265800ba210a00d203000000000600e10f500072
:1026680008003a00aaa00a00300300008140d00008
:1026780080c07000ba210a00300300000000060084
:102688000000060000000600aaa00a009c03000043
:102698008140d00080c07000ba210a009c0300006d
:1026a80000000600aaa00a00660300008140d000ce
:1026b80080c07000ba210a0066030000000006000e
:1026c800e20f50001f003200e20f50000b003600ee
:1026d800e30f500014003200e40f500010003a00dd
:1026e800baa00a00d2030000624060008140700076
:1026f800ba210a00d203000000000600e10f5000d2
:1027080008003a00baa00a003003000062406000e6
:1027180081407000ba210a00300300000000060062
:102728000000060000000600baa00a009c03000092
:102738006240600081407000ba210a009c030000da
:1027480000000600baa00a006603000062406000ac
:1027580081407000ba210a006603000000000600ec
:10276800e20f500030003200e20f50000e00360039
:10277800e30f50001a003200e40f500017003a002f
:10278800e28f500044003200e28f500030003600e3
:10279800e38f50004a003200e48f500036003a00c0
:1027a800d983a80000000600e10f50000a003a0093
:1027b800e28f500036003200e28f500012003600df
:1027c800e38f500036003200e48f500028003a00b2
:1027d8003783a8000000060000000600000006007d
:1027e800e28f500034003200e28f50000a003600b9
:1027f800e38f50002e003200e48f500020003a0092
:10280800a383a80000000600e18f50001d003a00d5
:1028180037e3a80000000600e18f500017003a00d7
:10282800a3e3a80000000600e28f50002600320053
:10283800e28f50000a003600e38f50001a00320081
:10284800e48f500010003a006d83a80000000600d5
:10285800e18f50000d003a00d9e3a80000000600ff
:10286800e18f500003003a006de3a8000000060065
:102878000000060000000600000006000000060038
:102888000000060000000600000006000000060028
:1028980037c3a80000000600d9c3a800000006003e
:1028a80037a3a800000006006da3a80000000600da
:1028b800a3a3a80000000600a3c3a8000000060008
:1028c800d9a3a800000006006dc3a80000000600f8
:1028d800e20f500030003200e20f50000e003600c8
:1028e800e30f50001a003200e40f500017003a00be
:1028f800e28f500044003200e28f50003000360072
:10290800e38f50004a003200e48f500036003a004e
:10291800d983a90000000600e10f50000a003a0020
:10292800e28f500036003200e28f5000120036006d
:10293800e38f500036003200e48f500028003a0040
:102948003783a9000000060000000600000006000a
:10295800e28f500034003200e28f50000a00360047
:10296800e38f50002e003200e48f500020003a0020
:10297800a383a90000000600e18f50001d003a0063
:1029880037e3a90000000600e18f500017003a0065
:10299800a3e3a90000000600e28f500026003200e1
:1029a800e28f50000a003600e38f50001a00320010
:1029b800e48f500010003a006d83a9000000060063
:1029c800e18f50000d003a00d9e3a900000006008d
:1029d800e18f500003003a006de3a90000000600f3
:1029e80000000600000006000000060000000600c7
:1029f80000000600000006000000060000000600b7
:102a080037c3a90000000600d9c3a90000000600ca
:102a180037a3a900000006006da3a9000000060066
:102a2800a3a3a90000000600a3c3a9000000060094
:102a3800d9a3a900000006006dc3a9000000060084
:102a4800e20f500030003200e20f50000e00360056
:102a5800e30f50001a003200e40f500017003a004c
:102a6800e28f500044003200e28f50003000360000
:102a7800e38f50004a003200e48f500036003a00dd
:102a8800d1e3a90000000600e10f50000a003a0057
:102a9800e28f500036003200e28f500012003600fc
:102aa800e38f500036003200e48f500028003a00cf
:102ab8002fe3a90000000600000006000000060041
:102ac800e28f500034003200e28f50000a003600d6
:102ad800e38f50002e003200e48f500020003a00af
:102ae8009be3a90000000600e18f50001d003a009a
:102af8002fc3a90000000600e18f500017003a001c
:102b08009bc3a90000000600e28f50002600320097
:102b1800e28f50000a003600e38f50001a0032009e
:102b2800e48f500010003a0065e3a9000000060099
:102b3800e18f50000d003a00d1c3a9000000060043
:102b4800e18f500003003a0065c3a90000000600a9
:102b58000000060000000600000006000000060055
:102b68000000060000000600000006000000060045
:102b78002fa3a90000000600d1a3a90000000600a9
:102b88002f83a900000006006583a9000000060045
:102b98009b83a900000006009ba3a9000000060073
:102ba800d183a9000000060065a3a9000000060063
:102bb800e20f500026003200e20f500010003600ed
:102bc800e30f50002e003200e40f50001a003a00c4
:102bd800e28f500045003200e28f500017003600a7
:102be800e38f500047003200e48f500012003a0093
:102bf800801e8000ff800a00000000000000060020
:102c0800e10f50000c003a00e28f50003a00320009
:102c1800e28f500026003600e38f50003f0032005c
:102c2800e48f500004003a0070198000ff800a0009
:102c3800000000000000060000000500e18f5000c1
:102c4800fdff3a00eea00a00d003000000000600d5
:102c5800e28f500034003200e28f50001900360035
:102c6800e38f500033003200e48f5000f2ff3a0047
:102c7800201b8000ff800a00000000000000060002
:102c8800e28f50002e003200e28f50001200360012
:102c9800e38f50001e003200e48f5000e6ff3a0038
:102ca800d01c8000ff800a00000000000000060021
:102cb800e18f5000e0ff3a00eea00a002e0300006a
:102cc80000000600e18f5000dbff3a00eea00a008a
:102cd8006403000000000600e18f5000d6ff3a00b0
:102ce800eea00a009a03000000000600dda00a001a
:102cf800d003000000000600dda00a002e0300003b
:102d080000000600cca00a00d00300000000060066
:102d1800cca00a009a03000000000600cca00a001c
:102d28002e03000000000600dda00a006403000076
:102d380000000600cca00a006403000000000600a2
:102d4800dda00a009a03000000000600e20f500010
:102d580019003200e20f50000b003600e30f50005c
:102d68001d003200e40f500012003a00e28f5000bc
:102d780031003200e38f500025003200e18f50000f
:102d88002100320000000600e10f500008003a0060
:102d9800e28f500026003200e38f50001e00320000
:102da800e18f5000f7ff3a003503a8000000060045
:102db8000000060000000600e28f50001a003200f2
:102dc800e38f50000e003200e18f5000edff3a0013
:102dd8006b03a80000000600e28f500010003200cc
:102de800e38f500004003200e18f5000e5ff3a0005
:102df800a103a80000000600a143a80000000600e7
:102e08006b43a80000000600d703a80000000600d6
:102e1800d743a800000006003543a80000000600bc
:102e2800a123a800000006006b23a80000000600ec
:102e38003523a80000000600d723a80000000600dc
:102e4800e20f500019003200e20f50000b0036006c
:102e5800e30f50001d003200e40f500012003a004a
:102e6800e28f500031003200e38f5000250032001d
:102e7800e18f50002100320000000600e10f5000f1
:102e880008003a00e28f500026003200e38f50001d
:102e98001e003200e18f5000f7ff3a003503a90009
:102ea800000006000000060000000600e28f500047
:102eb8001a003200e38f50000e003200e18f5000fc
:102ec800edff3a006b03a90000000600e28f5000f6
:102ed80010003200e38f500004003200e18f5000f0
:102ee800e5ff3a00a103a90000000600a143a900dc
:102ef800000006006b43a90000000600d703a900e4
:102f080000000600d743a900000006003543a900c9
:102f180000000600a123a900000006006b23a900f9
:102f2800000006003523a90000000600d723a900e9
:102f380000000600e20f500019003200e20f5000b6
:102f48000b003600e30f50001d003200e40f500064
:102f580012003a00e28f500031003200e38f500037
:102f680025003200e18f50002100320000000600e9
:102f7800e10f500008003a00e28f500026003200ae
:102f8800e38f50001e003200e18f5000f7ff3a0037
:102f980036a3a80000000600000006000000060096
:102fa800e28f50001a003200e38f50000e0032000a
:102fb800e18f5000edff3a006ca3a8000000060066
:102fc800e28f500010003200e38f500004003200fe
:102fd800e18f5000e5ff3a00a2a3a8000000060018
:102fe800a2e3a800000006006ce3a80000000600a9
:102ff800d8a3a80000000600d8e3a8000000060037
:1030080036e3a80000000600a2c3a80000000600de
:103018006cc3a8000000060036c3a8000000060024
:10302800d8c3a80000000600e20f500019003200c3
:10303800e20f50000b003600e30f50001d00320075
:10304800e40f500012003a00e28f500031003200c5
:10305800e38f500025003200e18f5000210032003c
:1030680000000600e10f500008003a00e28f50000f
:1030780026003200e38f50001e003200e18f50001e
:10308800f7ff3a0036a3a90000000600000006007a
:1030980000000600e28f50001a003200e38f500053
:1030a8000e003200e18f5000edff3a006ca3a9003a
:1030b80000000600e28f500010003200e38f50003d
:1030c80004003200e18f5000e5ff3a00a2a3a900f6
:1030d80000000600a2e3a900000006006ce3a900b6
:1030e80000000600d8a3a90000000600d8e3a90044
:1030f8000000060036e3a90000000600a2c3a900ec
:10310800000006006cc3a9000000060036c3a90031
:1031180000000600d8c3a90000000600e20f500016
:1031280010003200e20f500006003600e30f500096
:103138000a003200e40f500006003a00b11f880070
:1031480000000600e10f500003003a00a11a8800b1
:10315800000006000000060000000600011e8800ae
:1031680000000600511c88000000060075a00a0037
:10317800c20500000080fb0000000600881f7800e0
:103188000001eb000040eb0005042100f60f2000d1
:103198008003eb00c210dd008180420091007800be
:1031a800e1cf5000300032000104e0003800320066
:1031b800e2cf50002c00320070400a0004000000ea
:1031c800f8400a000400000086806000e18f50008b
:1031d8002c003200e28f500017003a006331800063
:1031e800e9c161000308a300130032000338a300fb
:1031f80019003a00e18f50002f003200e28f500092
:1032080028003a00c8a10a002c060000c211dd00ff
:103218008381e800838142001384fb00810f5400fe
:103228000a003600f8880a0004000000134454001d
:1032380081404400014040000201e800e20f5100d3
:10324800d4ff3a004f047800000006001384fb0006
:10325800810f540015003900f8810a0004000000ad
:1032680001404000f4ff370070400a0004400000ad
:10327800f8400a000401000086806000e18f5000d9
:10328800d4ff3a0003318000e9c16100d5ff37005f
:1032980070400a0004400000f8400a0004030000df
:1032a800c9ff370087007800d8ff370093c0500067
:1032b80001404000e0ff3700c8a10a0020060000d6
:1032c800d2ff3700e10f500006003200e20f500035
:1032d80003003a0060318000694060000000060089
:1032e8000000050000318000694060000000060011
:1032f800b02f80004500de0061406000000006003d
:10330800b02f80004300de0061406000000006002e
:1033180011a00a00f605000000000600b02f80008a
:103328004400de006140600000000600b02f80000d
:103338004200de0061406000000006000000e0007e
:10334800010032002081880000000600000006000d
:103358000000e00001003200108188000000060033
:103368000000e00001003200008188000000060033
:103378000000e00001003200f08088000000060034
:103388000000e00001003200e08088000000060034
:103398000000e00001003200d08088000000060034
:1033a8000000e00001003200c08088000000060034
:1033b800dc05e2003a003500dda5ab0030003a003c
:1033c800dc65ab0026003a00dd85ab001c003a0046
:1033d800dd45ab0013003a002066ab0009003a0057
:1033e8002c66ab0001003a0000000600c080800097
:1033f8000000e00001003200000001002c66a90076
:1034080000000600c08080000000e00001003200db
:10341800000001002066a9002c66ab00f2ff320014
:10342800f2ff3700d08080000000e000eaff3200a1
:10343800000001002066ab00e9ff3200f1ff370011
:10344800e08080000000e000010032000000010080
:10345800dd85a900dd45ab00dfff3200f1ff370055
:10346800f08080000000e000010032000000010050
:10347800dc65a900dd85ab00d5ff3200f0ff370021
:10348800008180000000e00001003200000001001f
:10349800dda5a900dc65ab00cbff3200f0ff3700eb
:1034a800208180000000e0000100320000000100df
:1034b800dde5a900dda5ab00c1ff3200f0ff370054
:1034c800889fbe008a9fbe000104780090007800a3
:1034d80010029000a0049000efc16400c219dd0042
:1034e800484190000244b200c44ade00e1c26200d2
:1034f80003417100c549de00e1c1610083c141009b
:1035080005417100c64ade00c72add00034171008b
:1035180005417100c749de00e1c16100c619dd003f
:103528000264a10003417100424498000208a3000c
:1035380013003a00f27f2000028160008001eb0056
:10354800028cbe00ef84640081b5280089844000a5
:1035580003662100016621003f0009008058eb0046
:103568001981fb00e800400003007800d4f7070049
:10357800300498004f05be004f04be00000006004e
:10358800610bb800c233dd00060020006011b800ee
:10359800c5ff2100878162008002eb00452ddd0018
:1035a800cb25de008b0575004525dd004523dd00b4
:1035b800e38365000601710087817100cb08de0096
:1035c800610bb8000601710087817100028cbe0092
:1035d800ef84640081b528008984400003662100d7
:1035e800016621003f0009008058eb001981fb00ab
:1035f800e800400003007800b1f7070030049800a5
:103608004f05be004f04be0000000600889fbe00a4
:103618008a9fbe008c1f78000005780080447800df
:10362800e14f5000390032000004e0003000320061
:10363800e24f50003c0032000002eb000006eb00b5
:1036480070040a000c000000f8040a000c000000d6
:10365800e10f550022003200e20f55001d003a002c
:1036680063318000e9c56100e1c16100208280000a
:1036780018c0b30080cf54000c00320000828000d4
:103688000044eb0080cf54000800320002042100ff
:103698000844e8000880fb004200dd00000041000b
:1036a8001000780080cf5400f9ff3a000040eb008a
:1036b8000304e00003003200140178000200e00077
:1036c80020003a004f0678004f05be004f04be00a8
:1036d800000006008041eb0083457800e3ff3700d7
:1036e80003318000e9c56100e1c16100dfff3700f7
:1036f800846120000006eb0070400a000c400000c6
:10370800f8400a000c030000d1ff37004462200093
:103718000006eb0070400a000c400000f8400a0068
:103728000c010000caff3700046320000006eb000c
:1037380070400a000c400000f8400a000c0100002c
:10374800c3ff3700020078005dff0700e1cf540097
:103758001a003200e2cf540001003a002906a800fe
:103768000884fb004244dd002004210000004400de
:103778001048e800f88c0a000c000000904f160072
:10378800010039000048eb0010c0b3000b38a3005b
:10379800ccff3200e10f55000a003200e20f55005d
:1037a800c8ff3a002c66a90010c0b3004f06780085
:1037b8004f05be004f04be00000006001d06a8000d
:1037c800e7ff37002066a90010c0b3004f06780055
:1037d8004f05be004f04be000000060075a10a0098
:1037e800c20500008180fb00808f5000030032007a
:1037f800dd85ab00f9ff3200200005000000050060
:103808008000780075a00a00c2050000e44f50004f
:1038180006003200e18f5000040032001000200042
:10382800e48f50000100320000000600a8210a00c1
:10383800c205000001007800e8ff3700102e800064
:1038480040002000a8200a00c2050000e3ff07008e
:103858000000e0002b003a0000762000002e8800cf
:1038680080492000102e8800e0032000302e8800b8
:10387800f0f02000202e8800e0002000502e880064
:1038880030302000402e880020002000702e880054
:1038980000002100602e880000062000903088007b
:1038a8000148200081308800f03088000140200065
:1038b800e130880050318800413188008033800031
:1038c80040400a0000000000803388008026ef0096
:1038d8008226ef008426ef008626ef0070e6a90016
:1038e80080338000c8400a00000000008033880050
:1038f8008826ef008a26ef008c26ef008e26ef0040
:1039080071e6a900c1e5a90000000600ddc5a9000f
:10391800dfc5a8002328a800102e80001000200072
:10392800a8200a00c2050000acff37000400fa0016
:10393800889fbe008a9fbe0000047800e14f5000b7
:10394800510032000004e0003a003200e24f50001b
:10395800610032000000eb00b0bf9f00c0f79f007d
:10396800d0f79f0075a20a00c20500000281fb0083
:10397800c1419000a104900052840a00090000008f
:103988000485fb008bb528000a804500904278002a
:103998000000eb000304e00012003500e60f5100c0
:1039a8001f0032000368a3001d0032004ff197008a
:1039b800854f51008d0039000000e00005003a00f5
:1039c800300020000800e00002003a001406ab00b6
:1039d80056003a004f05be004f04be000080fa00b2
:1039e80000000600c185ab0085003a00e60f5100d3
:1039f800740032000368a30078003a00e84f5200d0
:103a08008b0036000000eb000000a000cff097000c
:103a18004f05be004f04be000080fa0000000600fb
:103a2800e84f5200e1ff36000000a000cff09700f9
:103a3800f7ff370080612000b0bf9f0000c4b300cb
:103a4800c0f79f0030c0b300d0f79f0075a20a00ee
:103a5800c20500000281fb00c1419000a104900052
:103a680052840a00090000000485fb008bb5280079
:103a78000a804500904278000000eb000304e00053
:103a8800c6ff3d00d7ff370040622000b0bf9f004f
:103a980000c4b300c0f79f00d8f79f0075a20a00c2
:103aa800c20500000281fb00c1419000a104900002
:103ab80052840a00090000000485fb008bb5280029
:103ac8000a804500904278000000eb000304e00003
:103ad800b2ff3d00c3ff370000632000b0bf9f0066
:103ae80000c4b300c0f79f0010c0b300d0f79f0018
:103af80075a20a00c20500000281fb00c1419000c6
:103b0800a104900052840a00090000000485fb000b
:103b18008bb528000a804500904278000000eb0031
:103b28000304e0009dff3d00aeff37003fb997005a
:103b38000000eb001200e000a6ff32003fb897003b
:103b4800100078001102be000308a3003d003a00ef
:103b5800f27f200004086100618164004411dd00e7
:103b680011840a00090000004522dd0002017200ec
:103b78000201750077840a00090000004622dd0072
:103b88000201720066890a0009000000c74cdd00c6
:103b980082847400290098000318a30037003200bb
:103ba8000950a00029009800003020001026b70016
:103bb800080078004f05be004f04be000080fa00e0
:103bc80000000600e84f52001100360020002000d7
:103bd8000000a000cff097008dff37004ff097004e
:103be800854f500076ff31000000eb000000a00078
:103bf8004f05be004f04be000080fa00000006001a
:103c080020002000e60f510066ff3a0084ff3700cd
:103c18004ff09700854f500020002000f3ff390037
:103c28004f05be004f04be000080fa0000000600e9
:103c38004ff19700854f510061ff31000000eb0004
:103c4800eaff3700422bde0007002000f27f200049
:103c5800060361004b21dd00020873004b29dd00db
:103c68004522de0004027100c52ade00f2ff2100b1
:103c78000402610014009800b7ff37006800400094
:103c88000a8545001a81fb00b10090000cf6070078
:103c9800003020001026b70008007800c5ff370064
:103ca8000040eb00f445e20004003200f4c5bf0018
:103cb80000c0ea0077800a0000000000000006004b
:103cc8000040eb00f545e20004003200f5c5bf00f6
:103cd80000c0ea0077800a0000000000000006002b
:103ce800c1e5a80000492000102e8800102e800091
:103cf80040002000a8200a00c2050000b7fe070007
:103d08000000e00043003a000021210060308800f4
:103d180000762800002e8800c265a900c285a80088
:103d2800e0012000302e880070702000202e8800ce
:103d380060002000502e880010102000402e8800bf
:103d480022002000722e880000702000602e88005b
:103d580000242e0090308800004820008030880021
:103d680001002e00f130880000402000e03088007b
:103d780051318800403188001000200040200a009e
:103d88007006000020202000003488008226ef0002
:103d9800f17f20002134880000002400303488009e
:103da80070e6a800c8220a00700600003220200031
:103db800423488008a26ef00613488007034880015
:103dc80071e6a800a09a21002081880060002200e6
:103dd800108188008000220000818800a000220055
:103de800f0808800c0002200e0808800e000220007
:103df800d080880040002200c08088004270ef0018
:103e08004670ef0075a00a00c2050000e44f50009c
:103e18000100320000000600102e8000a8400a00b1
:103e280000000000102e88000000eb006bfe370039
:103e3800e6874700889fbe008a9fbe008c9fbe0011
:103e48008e1f78008004eb000c04210041622000e2
:103e580005c4b3008e6120003dc0b3000002eb0032
:103e68000763200016c0b300f30f20004249dd00ad
:103e7800020146001204780008457800e14f54001a
:103e8800240032000804e0001e003200e24f540013
:103e98002400320084bf9f00e4ef9f00f4ef9f00ee
:103ea80003046400e10f540011003200e20f5400d3
:103eb80004003a006b318000e9c565000b08a300d7
:103ec8001c003a008904e800e28f5400e7ff3a003a
:103ed8008040eb00014078004f0778004f06be0095
:103ee8004f05be004f04be006f00b1000000060081
:103ef8000b318000e9c565000b08a300f1ff320013
:103f08000c0037008ebf9f00e5ef9f00fdef9f007c
:103f1800e3ff370081bf9f00e5ef9f00f8ef9f00a8
:103f2800dfff370087bf9f00e5ef9f00f6ef9f0098
:103f3800dbff37000fb997008040eb001200e0006c
:103f4800e4ff32000fb99700800078001200780073
:103f58005bfd0700e14f55001e003200e24f55009f
:103f680001003a002906a800c24cdd000980e800db
:103f78000006460020042100890440009c4ce8000b
:103f88009c4078007fe8970080cf500001003900fe
:103f9800804ceb0011c0b3000b38a300cdff3200fa
:103fa800e10f54000d003200e20f5400c9ff3a003f
:103fb8002c66a90011c0b300014078004f077800b3
:103fc8004f06be004f05be004f04be006f00b10093
:103fd800000006001d06a800e3ff37002066a900c0
:103fe80011c0b300014078004f0778004f06be00ab
:103ff8004f05be004f04be006f00b1000000060070
:104008000000060000000600000006000000060090
:1040180000000600000006008000eb000000e00041
:1040280002003a00a1308000e180600001007800c1
:104038000000060001eba8000000060001eba90043
:104048000000060008cba8000000060008cba90065
:104058000000060000000600e30f500019003200bf
:10406800e30f50000a003600e50f50001700320039
:10407800e50f500017003900e60f50000b00320022
:10408800e70f500008003a0070608000000006004a
:10409800e10f500007003200e10f500007003e001a
:1040a800806080000000060000000500606080005d
:1040b80000000600f060800000000600006180003b
:1040c800000006004061800000000600906180004a
:1040d800000006005061800000000600e30f500059
:1040e8001f003200e30f50000b003600e50f5000b0
:1040f8001e003200e50f500020003900e60f500086
:104108000e003200e70f50000b003a0011a00a0021
:10411800300b000000000600e10f50000a003200da
:10412800e10f50000b003e00805980004200de0085
:104138006140600000000600000005008059800012
:10414800614060000000060099a00a00300b0000e2
:1041580000000600aaa00a00300b000000000600bc
:10416800eea00a00300b0000000006009059800005
:104178004300de00614060000000060080598000b6
:10418800ff800a0000000000000006006340600095
:104198004801dd00f1cf2f00b45e8000848160000b
:1041a80083017100b35e8800d35e80008380600065
:1041b80081007100d15e88004500dd0021b020003b
:1041c80091407800f2c9b30082c0600000c070005e
:1041d80002ebb700000006002b48a800000006000c
:1041e8002b48a900000006000b48a90000000600a3
:1041f800a8200a006c08000000000600e30f500029
:104208001e003200e30f50000b003600e50f50008f
:104218001d003200e50f50001e003900e60f500067
:104228000d003200e70f50000a003a002b88a80062
:10423800202ba80000000600e10f50000900320002
:10424800e10f50000a003e002ba8a800204ba80050
:1042580000000600000006002b68a800200ba8003c
:10426800000006002c88a800212ba80000000600ea
:104278002ca8a800214ba800000006002d28a800a3
:1042880021cba800000006002dc8a800226ba800ba
:10429800000006002d48a80021eba8000000060039
:1042a800e30f50001e003200e30f50000b003600f1
:1042b800e50f50001d003200e50f50001e003900c8
:1042c800e60f50000d003200e70f50000a003a00d8
:1042d8002b88a900202ba90000000600e10f500040
:1042e80009003200e10f50000a003e002ba8a90087
:1042f800204ba90000000600000006002b68a9005a
:10430800200ba900000006002c88a900212ba90079
:10431800000006002ca8a900214ba90000000600f7
:104328002d28a90021cba900000006002dc8a9004e
:10433800226ba900000006002d48a90021eba90066
:1043480000000600e30f500019003200e30f500090
:104358000a003600e50f500017003200e50f500044
:1043680017003900e60f50000b003200e70f50002d
:1043780008003a000b88a90000000600e10f500071
:1043880007003200e10f500007003e000ba8a9000b
:1043980000000600000006000b68a90000000600e7
:1043a8000c88a900000006000ca8a900000006005f
:1043b8000d28a900000006000dc8a900000006008d
:1043c8000d48a90000000600e30f50001e0032004f
:1043d800e30f50000b003600e50f50001d003200bf
:1043e800e50f50001e003900e60f50000d003200a6
:1043f800e70f50000a003a0020210a006e0800006a
:1044080000000600e10f500009003200e10f5000e3
:104418000a003e0064210a006e0800000000060041
:1044280000000600ec210a006c08000000000600ed
:1044380020210a00720800000000060064210a001a
:10444800720800000000060064210a0074080000d9
:1044580000000600a8210a007608000000000600f7
:10446800a8210a00740800000000060001eba9005a
:10447800606080000b68a9002b68a900002bef0082
:104488000006200010588800042bef00062bef00d0
:10449800082bef000a2bef000c2bef000e2bef0080
:1044a800102bef00122bef00142bef00162bef0050
:1044b800202bef00222bef00302bef00322bef00e8
:1044c800382bef00402bef00482bef00502bef006c
:1044d8003a2bef00422bef004a2bef00522bef0054
:1044e8003c2bef00442bef004c2bef00542bef003c
:1044f8003e2bef00462bef004e2bef00562bef0024
:10450800682bef006c2bef00702bef00742bef0083
:104518006a2bef006e2bef00722bef00762bef006b
:10452800802bef00822bef00842bef00862bef000f
:10453800882bef008a2bef008c2bef008e2bef00df
:10454800902bef00922bef00982bef00a02bef00a1
:10455800a42bef00a82bef00ac2bef00d02bef0023
:10456800d22bef00d42bef00d82bef000030200027
:10457800b05e8800d05e8800f02bef00f22bef00d1
:10458800f82bef00fa2bef00002cef00022cef00c5
:104598000c2cef000e2cef00102cef00122cef006b
:1045a800142cef00162cef00182cef001a2cef003b
:1045b8001c2cef001e2cef00202cef00222cef000b
:1045c800242cef00262cef00282cef002a2cef00db
:1045d8002c2cef002e2cef00302cef00322cef00ab
:1045e8003c2cef003e2cef000000060000eca80079
:1045f800000ce200feff3d000aeba80000000600e8
:10460800e38f50003c003200e38f50001d0036005d
:10461800e58f500040003200e58f50004600390019
:10462800e68f500058003200e78f50002d003a0006
:1046380041002000e10f5100030032008000eb0030
:10464800e20f510067003200e30f50001a003200f9
:10465800e30f50001b003600e50f50004400320005
:10466800e50f500045003900e60f50003d003200cc
:10467800e70f50001a003a00c8210a00800b00001a
:1046880000000600e18f50004e003200e18f50001c
:1046980044003e0021012000e10f5100eaff3200f2
:1046a8008000eb00e20f5100e7ff3a0031012000e3
:1046b800e30f5000e6ff3a0040210a008e0b00008d
:1046c80000000600e10f500023003200e10f500007
:1046d80006003e0040210a00820b00000000060090
:1046e800000006008000eb00d7ff370040210a00d9
:1046f8008a0b000000000600c1002000e10f5100f5
:10470800d1ff32008000eb00e20f5100ceff3a00eb
:10471800d1002000ccff370081002000e10f5100bc
:10472800c9ff32008000eb00e20f5100c6ff3a00db
:1047380091002000c4ff3700a1002000e10f5100c4
:10474800c1ff32008000eb00e20f5100beff3a00cb
:10475800b1002000bcff3700c8210a00880b000008
:104768000000060040210a00800b0000000006003f
:10477800c8210a00920b000000000600c8210a00a8
:104788008e0b000000000600e10f5100aeff320062
:104798008000eb00e20f5100abff3a0071002000ef
:1047a800a9ff3700e1002000e10f5100a6ff320009
:1047b8008000eb00e20f5100a3ff3a00f100200057
:1047c800a1ff370001012000e10f51009eff3200d8
:1047d8008000eb00e20f51009bff3a00110120001e
:1047e80099ff37005100200097ff37000000e000d4
:1047f8000100320000838800000006000000060067
:104808000000e00001003200f0828800000006008d
:1048180000000600e30f500031003200e30f5000a3
:1048280012003600e50f50001d003200e50f500061
:1048380023003900e60f500039003200e70f50001e
:1048480016003a0011a10a00300b00000104e00034
:104858000500320071608000f28280000200e000f2
:10486800010032000200010000000600e10f5000c4
:1048780033003200e10f500021003e00304bab0006
:10488800f9ff320081608000f28280000200e000bf
:10489800f5ff32000000eb000204010000000600f2
:1048a800326bab00f0ff320091618000f282800031
:1048b8000200e000ecff320002000100eaff3700ce
:1048c800300be200e8ff3d0051618000f282800079
:1048d8000200e000e4ff3200400020000204010072
:1048e80031cbab00e0ff320041618000f2828000f2
:1048f8000200e000dcff320002000100daff3700ae
:10490800314bab00d8ff320001618000f282800099
:104918000200e000d4ff3200200020000204010061
:10492800300bab00d0ff320061608000f282800063
:104938000200e000ccff320002000100caff37008d
:10494800312bab00c8ff3200f1608000f28280009a
:104958000200e000c4ff320002000100c2ff37007d
:104968000000060000000600002bef0000062000f3
:1049780010588800042bef00062bef00082bef00df
:104988000030280050588800300020006058880007
:104998005000200070588800102bef00122bef00f9
:1049a800142bef00162bef00100020000059880090
:1049b800222bef00302bef00322bef00382bef00cb
:1049c800402bef00482bef00502bef003a2bef0065
:1049d800422bef004a2bef00522bef003c2bef004d
:1049e800442bef004c2bef00542bef003e2bef0035
:1049f800462bef004e2bef00562bef00682bef00f5
:104a08006c2bef00702bef00742bef0000402000a0
:104a1800505b8800705b8800905b8800b05b880002
:104a2800a02bef00a42bef00a82bef00ac2bef007e
:104a3800d02bef00d22bef00d42bef00d82bef00b8
:104a480000302000b05e8800d05e8800f02bef00b8
:104a5800f22bef00f82bef00fa2bef00022cef00ff
:104a68000c2cef000e2cef00102cef00122cef0096
:104a7800142cef00162cef00182cef001a2cef0066
:104a88001c2cef001e2cef00202cef00222cef0036
:104a9800242cef00262cef00282cef002a2cef0006
:104aa8002c2cef002e2cef00302cef00322cef00d6
:104ab8003c2cef003e2cef002040220000838800b1
:104ac800c0402200f08288000b68a9002b68a8006b
:104ad80010608000b8400a00000f000010608800d5
:104ae80001eba800000ca800010cab00feff32008f
:104af8000a0ba800002ca800012cab00feff320016
:104b08000a2ba80000eca800000ce200feff3d0004
:104b18000aeba80050502000005c880050002000dc
:104b2800105c8800842bef00862bef00001020001b
:104b3800405c880011002000515c88008c2bef003d
:104b480011102000715c8800902bef00905c8800a9
:104b5800982bef00000006000b48ab0001003a005c
:104b680000000600008380000000e0000100320021
:104b7800000001000b48a900000006000000e0004a
:104b880008003200e10f500005003a00002ca80090
:104b9800012cab00feff32000a2ba8000000060023
:104ba80000000600000ca800010cab00feff32005c
:104bb8000a0ba800000006001001900092b28800bd
:104bc8000001eb00a2b288000365210010427800c2
:104bd8009441980050009000f0b2880032b08800ec
:104be80011009000a0af8800b2af8800205f2100bc
:104bf8001141780012409800d100900001b088005f
:104c08003b70ef003a70ef0000000600889fbe007e
:104c18008a1f780040c0b3003b50e20019003a00f8
:104c2800285f210018407800e24f50002f00320022
:104c3800e24f500016003600e34f50005400320097
:104c4800695f2100e44f50005a003a00300907001c
:104c58000004e000380032001900440000489000c9
:104c6800220907001900e800b0af8800e20f5000e1
:104c7800f6ff3600004ceb000000eb00b0af8800f8
:104c88003a70ef004f0578004f04be0000000600a0
:104c98000004e0002c003200695f2100e14f500061
:104ca80044003a001a0907000004e000220032001c
:104cb80019004400004890000c0907001900e8009a
:104cc800b0af8800e40f5000f6ff36000000eb009c
:104cd800b0af880020c0b300004c780030c0b300eb
:104ce8004f0578004f04be00000006006a5f2100ef
:104cf800395f2100060907000004e0000e003200b9
:104d080001b08000b2af80000280400010407800ff
:104d1800f60807001a00e800b0af88009980fb0089
:104d2800810f5000f3ff390030c0b300004c780009
:104d38000000eb00b0af880030c0b3004f0578002a
:104d48004f04be000000060051c5b300014c980096
:104d5800a1af80004809de00124c9800214c980051
:104d6800304c980018409000404c98000000eb0030
:104d7800b0af880010c0b300004c78003af0b7001c
:104d880030c0b3004f0578004f04be000000060095
:104d98008000eb00d1af8800d1c0b300214c98004f
:104da80041c0b300014c78004f0578004f04be00a5
:104db800000006004f0578004f04be000000060002
:104dc800889fbe008a1f780040c0b3003a50e200b6
:104dd80019003a000865210018407800e24f500099
:104de8002f003200e24f500016003600e34f50000b
:104df8005400320049652100e44f50005a003a003f
:104e0800c30807000004e00038003200190044001d
:104e180000489000b50807001900e800a0b2880013
:104e2800e20f5000f6ff3600004ceb000000eb00ec
:104e3800a0b288003b70ef004f0578004f04be0019
:104e4800000006000004e0002c0032004965210043
:104e5800e14f500044003a00ad0807000004e000ac
:104e68002200320019004400004890009f08070003
:104e78001900e800a0b28800e40f5000f6ff3600e1
:104e88000000eb00a0b2880020c0b300004c7800fe
:104e980030c0b3004f0578004f04be000000060084
:104ea8004a65210019652100990807000004e000ff
:104eb8000e003200f1b28000a2b2800002804000f1
:104ec80010407800890807001a00e800a0b288009e
:104ed8009980fb00810f5000f3ff390030c0b30008
:104ee800004c78000000eb00a0b2880030c0b3008e
:104ef8004f0578004f04be000000060051c5b300fe
:104f0800014c980091b280004809de00124c9800cc
:104f1800214c9800304c980018409000404c980064
:104f28000000eb00a0b2880010c0b300004c78006d
:104f38003bf0b70030c0b3004f0578004f04be0007
:104f4800000006008000eb00c1b28800d1c0b300a9
:104f5800214c980041c0b300014c78004f057800ff
:104f68004f04be00000006004f0578004f04be0045
:104f78000000060090009000300090000000e00063
:104f880002003a0091b2880000000600a1af880034
:104f9800000006005001900090007800300090005a
:104fa8000000e00004003a00f2b288000065210029
:104fb800114098000000060002b08800006521003a
:104fc8001140980000000600c00090000100e000b9
:104fd80009003a0022b080008001eb00120098001e
:104fe80023009800f16021005100980031602100f1
:104ff8009180fb0001087800000006008000fa009c
:10500800889fbe008a9fbe008c1f780080047800ad
:1050180001057800e1c56000010178000b04e0009b
:10502800010032000200a1000200e000100032007e
:1050380044f72f000f0242000900e8008202e9004d
:105048000500a10061f72f008f8040008582400095
:1050580080017800a380fb00c808dd009381fb0075
:1050680003aa70000080e800850f5200f8ff3a009c
:105078008001eb0060f72f000f004000430107009c
:105088000004eb001c7d2000740107000004e00010
:1050980007003a000804e8008c0f540004003200ae
:1050a800750107006d0107000004e000f9ff3200f8
:1050b800590207000b04e0000e0032008a84440005
:1050c8008904e9009980fb00010068008100200044
:1050d80013002a00610160000000d1000200e00016
:1050e80001003200030068008100e9000100e000cf
:1050f800f8ff3a00bc20ef00be20ef004f06780012
:105108004f05be004f04be000080fa0000000600f4
:10511800889fbe008004eb0028602100f807070084
:105128000004e000b9003200c9818800e2070700e6
:1051380098407800e4cf50003c003200e4cf5000a3
:1051480019003e00e1cf50004c0032000104e0009d
:105158005d003200e2cf500062003200e3cf500021
:10516800eeff3a0033b08000830044008048980086
:10517800c15a2100b28180008280400080487800b6
:10518800600321000208e80040002000000c7800bd
:10519800606021000308e80021c0b30001407800e6
:1051a8004f04be0000000600e6cf50006200320047
:1051b800e6cf500068003900e7cf50007e0032008b
:1051c800e8cf5000d5ff3a00ed4f5000d3ff3a002a
:1051d800306021009080fb00e5804000c05a21002b
:1051e80086ff07008000eb00e0818800f1818800dd
:1051f800a28180008001eb003630ef00820f500062
:10520800838f580092003a003430ef003c30ef00b2
:105218003e30ef0090c0b300004c78008040eb00b7
:10522800014078004f04be000000060033b0800043
:105238008300440080489800184190008040710025
:1052480011449800c15a2100b38180008380400036
:1052580080487800600321000308e80050c0b300cc
:10526800004c78000000eb0030b0880021c0b3008b
:10527800014078004f04be0000000600c800dd00b1
:1052880021b0880021c0b300014c780033b0800001
:1052980003044400004c9800c15a2100b2818000e8
:1052a8008280400080487800600321000208e800fe
:1052b800606021000308e80021c0b30001407800c5
:1052c8004f04be000000060051c5b300814f5000d6
:1052d8003f00320021c0b300014078004f04be00f7
:1052e800000006008081fb0022b08000028171006e
:1052f80022b0880032c0b300024c780033b080007e
:1053080003044400004c9800c25a2100b381800075
:105318000301410000497800600321000308e80008
:105328006060210032b080000208e8000140780087
:105338004f04be00000006004800dd00a081880080
:1053480070c0b300004c780021c0b3000140780061
:105358004f04be000000060031b080004204200067
:10536800828f50000a003e00010144005049980015
:105378008100e80031b08800c25a2100b381800062
:105388000301410000497800600321000308e80098
:10539800306021001080fb00808f5000cdff390065
:1053a80060c0b300004c780021c0b3000140780011
:1053b8004f04be00000006000080fb003430b70038
:1053c80080c0b300004c780021c0b300c2ff370092
:1053d80011c0b300014c7800004c9800c15a21005c
:1053e800b2818000828040008048780060032100fc
:1053f8000208e8001000200030b0880021c0b30087
:10540800014078004f04be0000000600c181800002
:105418008100e800f2702200828f500005003e00f3
:10542800c181880011c0b300014078004f04be005c
:10543800000006003830ef00216021008048780025
:1054480011c0b300014078004f04be000000060000
:1054580031c0b300014078004f04be0000000600d0
:10546800b020ef00b220ef00b620ef00b420ef002c
:10547800be20ef00bc20ef008000200080058800df
:10548800f0f020009005880000b322009083880087
:10549800b1e0a80050002800a0058800b620ef0061
:1054a800bc20ef00be20ef006000b80000b8880004
:1054b80011b88800e0b788009005800040800a0095
:1054c800000000000040e800a16f21009040980013
:1054d800000006000004200080058800b220ef00cc
:1054e800b420ef00b620ef00bc20ef00be20ef0094
:1054f80000000600840580004322de00614262004d
:10550800c8a50a00b2000000e10f51001c003200db
:1055180092058000c8220a00b200000033230a0066
:10552800b0000000a26f210012419000e84f510026
:105538000c003e00b8e0b7000668a900b080a800db
:105548000668ab00feff3200b080a90033240a00d1
:10555800b00000000668a900c8250a00b2000000d3
:1055680000000600c0058800f04f5100f2ff360029
:10557800d10588000668a900b080a800f0ff3700b0
:10558800e0058800f105880000000600c8a10a00af
:10559800b2000000a46f2100014ae80091058000d4
:1055a80040810a00010000008140e8001142980093
:1055b80002b8880013b8880020b888000000eb0003
:1055c800e0b7880040429800b080a80000000600bc
:1055d800c8a40a00b2000000a66f2100044be8002e
:1055e8009405800040840a00040000000442e8009a
:1055f8001443980002b8880013b88800610160005d
:105608008001eb00e00f5100e08f590002003200ea
:1056180061005000e080580020b8880031b8880048
:105628000000eb00e0b7880010c0b30040439800ca
:1056380090058000c8400a00001f000090058800ff
:10564800b080a800000006000000e0000100320061
:10565800908388000000060000000600e0b7800084
:105668006300680000f0a7000000ea000000e900fd
:105678004f00de0000000600889fbe008a9fbe0023
:10568800a16f2100e0b78000e10f50004e0032000a
:105698000000e00019003200e20f50000d00320057
:1056a800e30f500002003200b020ef00b220ef00fc
:1056b8000668ab0004003200908380000000e00020
:1056c80001003200000001004f05be004f04be007b
:1056d800000006000668ab00f5ff32001140e90043
:1056e800c8200a00b2000000b080a9000668a9001e
:1056f80030002000e0b78800edff370041409000ff
:105708000004e0003f00320020b8800031b880007b
:10571800e2ff2f0000015100ab028000b080a90019
:105728000668a900a102880008b8800019b880009e
:10573800b0e0ab0076003a00e00f5400e08f5c0068
:105748007b0032000200e0001c0032004a70210099
:10575800037021001400200005002000d6ff2f0050
:10576800f7ff2f001004ba003a004200aa804a004e
:105778009084ba000000420081804a0020b8880066
:1057880031b88800c8058800d9058800330443006b
:10579800a3844b0008b8880019b888000281e90082
:1057a800b0e0ab005a003a00e00f5400e08f5c0014
:1057b8005f0032000200e000eaff3a00ab02880016
:1057c800b080a800baff37000668ab00b8ff320007
:1057d800b080a9000668a900114090008040e90047
:1057e800c8210a00b2000000e84f50002a003e001d
:1057f800b860ef00b080a80020002000e0b7880063
:10580800abff3700b0e0ab00a9ff3a000668a9007b
:105818001141780000b8800011b88000e84f5100ad
:1058280025003600f04f510050003600b0e0ab00c4
:1058380047003a00e00f5000e08f58001200320095
:1058480022b88000c4ff2f00f5ff2f001203780054
:10585800c605880092019000d305880064014100c4
:105868000000420081804a00b0e0ab0035003a00f9
:10587800e00f5000e08f5800f4ff3a0000b88800ad
:1058880011b8880022b88800b080a8001000200055
:10589800e0b7880086ff3700b820ef00f04f5000cf
:1058a800d4ff3600ba20ef00b080a8002000200006
:1058b800e0b788007eff3700b0e0ab0024003a0074
:1058c800e00f5000e08f5800efff320022b8800050
:1058d800f4ff2f00f5ff2f0032437800830b2000e0
:1058e800864978000000420081804a00b0e0ab00a1
:1058f80014003a00e00f5000e08f5800f6ff3a001d
:1059080000b8880011b8880022b88800deff370088
:10591800ab028800b080a800e00f5400e08f5c0064
:1059280063ff3a0010002000e0b7880060ff3700ee
:10593800ab028800b080a80010002000e0b7880003
:105948005bff370000b8880011b8880022b88800cb
:10595800b080a800e00f5000e08f580054ff3a00d4
:1059680010002000e0b7880051ff3700b0e0ab001e
:10597800f7ff3a00e00f5000e08f5800c2ff3200f6
:1059880022b88000e4ff2f00f5ff2f00b201780055
:10599800c30588000000420081804a00b0e0ab00e7
:1059a800e8ff3a00e00f5000e08f5800f7ff3a0098
:1059b80000b8880011b8880022b88800b2ff370004
:1059c800a06f210010409000e84f500004003e00f6
:1059d800f00f2000bc00b6008000eb0000000600bd
:1059e800f04f500003003e00e00580008000eb000f
:1059f80000000600f00580008000eb00c000dd001c
:105a080000002000e20580008001eb00000071002a
:105a18008180710000000600889fbe00e8ff070033
:105a2800b26f21001282fb000402e9001600200078
:105a380007002000f002120004003b008502ea0083
:105a48008531dd000001eb00040037008532de00ff
:105a58000431dd008439dd0083817200e00f5000dd
:105a6800e08f5800120032006022b8006104600024
:105a78008004eb00e00f5400e08f5c00020032006d
:105a880002027200838272008301d1000281d30076
:105a98008100d1000080d300e00f5000e08f580053
:105aa800f2ff3a000400be004f04be0000000600ea
:105ab8006022b8000400be004f04be0000000600cb
:105ac800889fbe000004be00bdff070008036800f1
:105ad80089836800b06f21001080fb008000eb0014
:105ae800e00f5000e08f58000e0032006022b8002e
:105af8006011b800180020000900200002014100d0
:105b0800838149000200a0000402440085824c0001
:105b1800800f5200818f5a00f8ff3a00020063009c
:105b2800838063004f04be00000006000400fa00f2
:105b3800889fbe0000447800c2bf9f00d3bf9f006b
:105b48009fff07000804e0004fb99700dfb99700ee
:105b58001c003200b0ff07004fb99700dfb997006b
:105b68000201680083816800b06f21001080fb008b
:105b78008000eb00e00f5000e08f58000e0032006c
:105b88006033b8006022b800180020000900200027
:105b98000402420085824a000400a0000603440073
:105ba80087834c00800f5300818f5b00f8ff3a0019
:105bb80004006100858061004f04be000080fa0087
:105bc80000000600c2bf9f00d3bf9f007cff0700f4
:105bd800dfb997004fb99700e1ff37001001900037
:105be800a00190008280880093808800c0cfb30015
:105bf80014f0b70011019000a10190000280880004
:105c080013808800d0cfb30004f0b700000006006e
:105c18005af5070011c0b3000004e00002003a0082
:105c280001407800000006008000210080f807008d
:105c3800e1406800014078000000060001002100f2
:105c48000000eb0039f7070041c0b3000000e00096
:105c580001003a008040eb00014078000000060097
:105c6800010121000000eb0030f7070041c0b3003c
:105c78000000e00001003a008040eb00014078009d
:105c8800000006008000780010019000a00190003c
:105c980010007800b10090000100e0003e003a00da
:105ca80082808800938088008000eb000203200037
:105cb800820f5000e08f5800050036001450a800ed
:105cc8001470a8001490a80014b0a80000000600e2
:105cd80000060100c3003700c7003700cb003700bb
:105ce800cf003700d3003700d7003700db0037007c
:105cf800df003700e3003700e7003700e600370031
:105d0800e5003700e4003700e8003700e700370017
:105d1800e6003700e5003700e9003700e800370003
:105d2800e7003700e6003700ea003700e9003700ef
:105d3800e8003700e7003700550037005400370007
:105d48005300370052003700510037005000370029
:105d58004f0037004e0037009d0037009c00370089
:105d68009b0037009a0037009900370098003700e9
:105d780097003700960037009500370094003700e9
:105d880093003700920037009100370090003700e9
:105d98008f0037008e00370002808800138088004b
:105da8008000eb0002032000820f5000e08f5800b3
:105db800050036000450a8000470a8000490a8004c
:105dc80004b0a80000000600000601003a003700f1
:105dd8003e00370042003700460037004a003700cf
:105de8004e00370052003700560037005a0037007f
:105df8005e0037005d0037005c0037005b0037004d
:105e08005f0037005e0037005d0037005c00370038
:105e1800600037005f0037005e0037005d00370024
:105e280061003700600037005f0037005e00370010
:105e38006200370061003700600037005f003700fc
:105e48005e0037005d0037005c0037005b003700fc
:105e58001400370013003700120037001100370014
:105e6800100037000f0037000e0037000d00370014
:105e78000c0037000b0037000a0037000900370014
:105e88000800370007003700060037000500370014
:105e98001450a8001470a9001490a80014b0a80009
:105ea800000006000450a9000470a8000490a8008f
:105eb80004b0a800000006000450a9000470a9005e
:105ec8000490a90004b0a900000006000450a8002e
:105ed8000470a9000490a90004b0a90000000600fd
:105ee8000450a9000470a8000490a90004b0a900f7
:105ef800000006000450a8000470a8000490a9003f
:105f080004b0a900000006000450a9000470a9000c
:105f18000490a80004b0a900000006000450a800de
:105f28000470a9000490a80004b0a90000000600ad
:105f38000450a9000470a8000490a80004b0a900a7
:105f4800000006000450a8000470a8000490a800ef
:105f580004b0a900000006000450a9000470a900bc
:105f68000490a90004b0a800000006000450a8008e
:105f78000470a9000490a90004b0a800000006005d
:105f88000450a9000470a8000490a90004b0a80057
:105f9800000006000450a8000470a8000490a9009e
:105fa80004b0a800000006000450a9000470a9006d
:105fb8000490a80004b0a800000006000450a8003f
:105fc8000470a9000490a80004b0a800000006000e
:105fd8001450a9001470a8001490a80014b0a800c8
:105fe800000006001450a9001470a9001490a9001c
:105ff80014b0a900000006001450a8001470a900ed
:106008001490a90014b0a900000006001450a900bb
:106018001470a8001490a90014b0a900000006008c
:106028001450a8001470a8001490a90014b0a90076
:10603800000006001450a9001470a9001490a800cc
:1060480014b0a900000006001450a8001470a9009c
:106058001490a80014b0a900000006001450a9006c
:106068001470a8001490a80014b0a900000006003d
:106078001450a8001470a8001490a80014b0a90027
:10608800000006001450a9001470a9001490a9007b
:1060980014b0a800000006001450a8001470a9004d
:1060a8001490a90014b0a800000006001450a9001c
:1060b8001470a8001490a90014b0a80000000600ed
:1060c8001450a8001470a8001490a90014b0a800d7
:1060d800000006001450a9001470a9001490a8002c
:1060e80014b0a80000000600d00090003000900016
:1060f8000000e00002003a00b180880000000600bd
:106108003180880000000600c00090000100e00017
:106118000f003a0072808000520098004280800090
:1061280053808000120098002300980052a20a00b1
:106138000c1000000281fb008001eb00ee0f510003
:10614800e08f5900030036000104200001087800a0
:106158000000060002060100140037001500370091
:1061680017003700190037001b0037001d003700e3
:106178001f003700210037002300370025003700b3
:1061880027003700290037002b00370001003700af
:106198000300370001022000010878000000060013
:1061a8000103200001087800000006000008eb0049
:1061b8000000060011002000010878000000060019
:1061c80021002000010878000000060031002000ae
:1061d800010878000000060041002000010878004e
:1061e80000000600510020000108780000000600a9
:1061f80061002000010878000000060071002000fe
:1062080001087800000006008100200001087800dd
:1062180000000600c1002000010878000000060008
:10622800010120000108780000000600410120005b
:1062380001087800000006008101200001087800ac
:106248000000060000492100422020000300200031
:1062580092a48800a3a488008000eb00b1a4880061
:1062680012002000c2a4880003042000030878005c
:1062780062a4880081472100040021000500200055
:10628800d4a38800e5a38800f2a3880002a48800ac
:106298008308780042482100d9050700e01a8000e9
:1062a8007065800000000600d0a38000e1a3800094
:1062b80002002100820f5000e08f580013003200c6
:1062c80002302000820f5000e08f58000400320096
:1062d80030ab280010a4880080472100d50537007e
:1062e8007a50e20005003a007a70ef0030ab2800df
:1062f80010a4880080472100ce0537008047210080
:10630800c40507007a70ef00f8ff370020a72800bf
:1063180010a4880080472100c6050700003020002f
:1063280001002000d0a38800e1a3880010c0b300ba
:106338007af0b700000006008047210001a4800021
:10634800e38f500001003200000006000000050045
:10635800889fbe008a1f780054080700000578004f
:106368000c0b0700800478004d080700000040006f
:1063780066046000c34cdd008a84440009044400bc
:1063880044080700110020008008dd00c19b880038
:10639800d89b880001848000a012200001004000e2
:1063a8001081fb00f0142000010040001080fb0069
:1063b8000000400099a30a00580e000003004000a6
:1063c800c211dd00030040004311dd00020040005f
:1063d8000114b0009180fb00c408dd00c237210021
:1063e8000109400041080700f09b880020080700c9
:1063f800009c88001b0807008000eb00121f20008b
:10640800820f500034003e00119c88000c080700e1
:10641800209c880070658000309c88003c0807003c
:10642800409c880078658000390807000004540003
:10643800589c880005080700609c880037080700fa
:10644800709c88000084800080189100819c8800de
:10645800b0109100919c880080289100a19c880030
:1064680010289100b09c880023080700c09c880071
:106478001b080700d09c880000848000e010910071
:10648800e19c8800a0009000f19c88008018910091
:10649800019d8800c11a8000119d8800b0209100dc
:1064a800219d880030389100309d880082012000ad
:1064b800813b21008037210017050700803b210020
:1064c800d0a488000003200080a488004f0578002d
:1064d8004f04be0000000600e2070700f1e02f00ad
:1064e80080804000119c8800d5070700209c880008
:1064f80070658000309c880005080700409c880073
:10650800786580000208070000045400589c880041
:10651800ce070700609c880000080700709c880070
:106528000084800080189100819c8800b010910040
:10653800919c880080289100a19c880010289100d7
:10654800b09c8800ec070700c09c8800e40707009f
:10655800d09c880000848000e0109100e19c8800b5
:10656800a0009000f19c880080189100019d88008f
:10657800c11a8000119d8800b0209100219d8800db
:1065880030389100309d880082012000813b210035
:1065980080372100e0040700803b2100d0a4880058
:1065a8000003200080a488004f0578004f04be0037
:1065b80000000600881f780010047800a00a200058
:1065c800800f540017003200800f54000a00360074
:1065d800b00b2000800f54001900320000a02a00e0
:1065e800800f540002003a00c6050700fc070700a8
:1065f8004f047800000006000800e0001300320095
:10660800e10f5400faff3a000084800040c0920075
:10661800e14f5000f6ff3a00860707004f04780064
:1066280000000600fb0707000084800011c0b300cb
:1066380001c09a00780307004f04780000000600a4
:106648005b2ea9004f047800000006000040eb0014
:10665800780707000084800008c09a004f0478007b
:106668000000060090007800000000000000000014
:106678000000000000000000c20c2000828f5000c3
:1066880021003200828f500008003600d20d200011
:10669800828f50001e003200e20e2000828f5000d0
:1066a8000f003a001000900053073700a20a20009c
:1066b800828f50000c003200b20b2000828f5000f5
:1066c80008003a0010009000e01a8800d01a8800ec
:1066d800401e8800301e88002e63a80000000600b7
:1066e800000006000000060001848000a1689200f6
:1066f8000104e000010032000000060010009000d4
:1067080046070700310337001000900037073700ad
:10671800100090007065880000000600881f78004f
:10672800000478000200780001017800813f210010
:106738008b04070020202000800f5400070032003f
:1067480030202000800f540002003a00803f2100d2
:10675800c4ff07004f04780000000600803f2100b6
:1067680094ff07004f04780000000600881f780097
:106778004848210060a480000000e00012003200b8
:10678800128380002383800061004100e08049007b
:106798001083880021838800eb0f5000e08f580099
:1067a80002003e004f04780000000600e8fe0700e3
:1067b800004921009f0407006230ef006430ef00b9
:1067c8004f0478000000060008007800a9040700bc
:1067d80072a480009800780030a48000cfff0700e2
:1067e800080078008d04070012838000238380004e
:1067f80061004100e08049001083880021838800ff
:10680800eb0f5000e08f5800e6ff3600e7ff370037
:10681800889fbe008a1f78008004780010049000ca
:10682800e20f5400b0003200e20f540015003600a9
:10683800e40f54004a003200e40f54005b003900b2
:10684800e50f540041003a00601c90000800e00089
:10685800320032000040eb00d04c980080c49a000f
:10686800500020009004980010c0b300cd0307002a
:1068780020c0b3009d0307004f0578004f04be00f9
:10688800000006000800e00063003200e10f540039
:106898002e003a00601c90000800e000a9003a00b1
:1068a800d04890000104e0000c00320040c0920083
:1068b800e14f500009003a00120507004807070099
:1068c8001900a00088c49a002000200090049800b5
:1068d8004f0578004f04be000000060089c09200f2
:1068e800e1cf5000c00032000104e000e2ff3a00ae
:1068f8000004eb00982499000000eb004303070014
:106908003d030700c8c49a001000200090049800b6
:106918004f0578004f04be00000006001010a100cb
:106928005b2ea900180607009804980069189000c3
:106938000000e000c7ff3a0010c0b3009903070049
:1069480020c0b30069030700cbff37000000eb004d
:10695800900498004f0578004f04be000000060020
:10696800601990000200e00022003a0050489000b0
:106978000004e00092003200e91091002900900024
:10698800808f5000020032003000200090049800f0
:1069980020c0b3008303070010c0b30053030700ef
:1069a8004f0578004f04be000000060060189000f4
:1069b8000000e0000f003a00d94890000104e00010
:1069c80067003200e00f2000090040005d06070064
:1069d8000004e000eeff3200400020009004980020
:1069e80020c0b3006f03070010c0b3003f030700c7
:1069f800ebff37000040eb00d04c9800500020001f
:106a08009004980020c0b3006603070010c0b300cc
:106a180036030700e2ff3700ba040700f006070054
:106a28000040eb00a86c9a00c0749a00c1cfb30074
:106a380099cc6000d04c980020c0b3002b0307000d
:106a480010c0b300290307007d0607004815200081
:106a58000904440080007800080078000506070053
:106a68000000e00084ff320078060700ea152000e5
:106a780009054500800078000a007800fd05070038
:106a88000000e0007cff32006d06070080007800ff
:106a980008007800f7050700d01498006b06070077
:106aa800800078000a007800f2050700901c980022
:106ab8000115200089804000521a200082084000f9
:106ac80021152000898040004217200082084000dc
:106ad80010002000900498005b2ea8004f05780055
:106ae8004f04be0000000600601890000000e0009f
:106af8000b0032000040eb00d04c98005000200002
:106b08009004980020c0b300e502070010c0b3004d
:106b1800f60207004f0578004f04be00000006008b
:106b2800d94890000104e00016003a00900498004b
:106b380020c0b300da02070010c0b300eb02070060
:106b4800f4ff37000040eb00d04c980050002000c4
:106b5800900498004f0578004f04be00000006001e
:106b6800a50207001900a100200020009004980049
:106b780020c0b3000b03070010c0b300db020700fe
:106b880087ff37001900a00030002000900498000b
:106b980010c0b300e0cc9a00a06c9a00c0749a00b0
:106ba80029119000e2149900a204980020c0b300b3
:106bb800bb02070010c0b300cc020700d5ff3700a6
:106bc8008d0207001900a100200020009004980001
:106bd800c602070020c0b300f202070010c0b300cd
:106be800c20207006eff3700192091003921910079
:106bf800820f50001100310081142000898040006c
:106c08009100e800c1249900f98f50000700360070
:106c1800000000000000eb00c024990020142000b0
:106c2800090040001000e80090249900770207004e
:106c3800100020009004980069ff3700c1c49a0032
:106c48007202070010002000faff370001087800e0
:106c580012009800430098005400980065009800be
:106c68008000eb0001089800215098000000060001
:106c7800010878001200980023009800340098005a
:106c88004500980056009800670098008000eb00c7
:106c980001089800110898000000060041009800bb
:106ca8005200980063009800000006000108780070
:106cb80012009800000006000200fa00a05190009f
:106cc800908f100017003c000304e00015003a0004
:106cd800ee0040009100e80071009800400290002a
:106ce800848f50000c00360011c0b300315098005a
:106cf8000200e00003003200f0bf9f000200010024
:106d08007fb8970011c0b300215098008000eb00b5
:106d18007100980013c0b300034078000080fa00a7
:106d28000000060010019000810f5100020034009d
:106d3800e1cf51000a0032008000eb00710098009a
:106d48000370a7008341ea008341ea0077830a00c1
:106d580003000000034078000080fa0000000600ed
:106d6800ee0040001102e800740098008002eb0079
:106d780050039000e0039000860f5200878f5a005e
:106d8800e5ff36008000eb00710098002150980064
:106d98008041eb00034078000080fa000000060004
:106da8000200fa00a0519000908f100017003500e3
:106db8000304e00015003a00ee0040009100e800ee
:106dc8007100980040029000848f50000c0036003b
:106dd80011c0b300315098000200e00003003200f7
:106de800f0bf9f00020001007fb8970011c0b300f8
:106df800215098008000eb007100980013c0b30088
:106e0800034078000080fa0000000600100190009e
:106e1800810f510002003d00e1cf51000a0032000d
:106e28008000eb00710098000370a7008341ea001e
:106e38008341ea0077830a000300000003407800da
:106e48000080fa0000000600ee0040001102e80091
:106e5800740098008002eb0050039000e00390005b
:106e6800860f5200878f5a00e5ff36008000eb003e
:106e780071009800215098008041eb000340780091
:106e88000080fa00000006000400fa00a0519000fb
:106e98000104e0000c003a00e1cf51002400320068
:106ea8008000eb00710098000370a7008341ea009e
:106eb8008341ea0077830a0003000000034078005a
:106ec8000080fa00000006000304e000f4ff3a0026
:106ed800ee0140001302e80074009800c002900020
:106ee8008041eb00850f5200f4ff360013c0b30059
:106ef800335098000200e00005003200e0bf9f0018
:106f0800f1bf9f0002000100ffb897006fb897001b
:106f180012c0b300225098000001eb0072009800e4
:106f280081417800034078000080fa0000000600e4
:106f3800ee0040001102e800740098008002eb00a7
:106f480050039000e0039000860f5200878f5a008c
:106f5800daff36008000eb0071009800215098009d
:106f68008041eb00034078000080fa000000060032
:106f7800881f780000047800205090000004e0008a
:106f88001c003a00988f1000130035006e00440072
:106f98009000e80071049800c80190000040eb00e0
:106fa800838f50000a00390010c0b3003054980095
:106fb8000200e000010032000200010010c0b3002e
:106fc800205498000000eb007004980010c0b30033
:106fd8004f0478000000060028009000810f500040
:106fe800eaff34000000eb00700498004f047800ba
:106ff8000000060018009000810f500012003d00ac
:1070080038009000810f50000f0034006e004400db
:107018001001e800720498008001eb0010c0b30072
:1070280058029000e8029000840f5100858f5900a3
:10703800e7ff36000000eb00700498002054980029
:107048004f047800000006000000eb007004980070
:1070580010c0b3004f047800000006003822ef008b
:1070680000802000d011880000082000e01188006e
:10707800e0022000f011880040362000001288004d
:107088004222ef0039e2a80038a2a8003882a800fe
:10709800000006003822ef003a22ef000008200026
:1070a800e0118800e0022000f01188004022ef0083
:1070b8004222ef000000060011a00a003e02000074
:1070c800e14f5000fcff320011a00a003c02000012
:1070d800e14f50000200320020128000000006003c
:1070e8003c22a90020128000000006003e82ab006e
:1070f800feff3a000080fb004012880000000600f6
:1071080011a00a003e02000010c0b20000000600f4
:107118000040eb003e82ab0003003a00c011800043
:107128004500de0061406000000006000040eb0002
:107138003ce2ab0003003200f01180004500de00a5
:10714800614060000000060038a2a80000000600a8
:1071580038a2a900000006005cc2a90061416000d5
:107168004211dd00c1252000914078000124a100d2
:1071780082c07000c22520000149780066200a00fc
:107188003802000000000600c01180004600de0042
:107198006140600000000600e01280004200de004e
:1071a80061406000000006007830ef000000eb004e
:1071b8003c62ab0022003a003cc2ab0019003a0026
:1071c80011a10a003c020000e1cf50000f0032007c
:1071d8003c02ab0007003a003ca2ab0001003a00b9
:1071e800000006000040a000c08388003ca2a9005f
:1071f800000006000030a000c08388003c02a900ff
:107208003ca2ab00f6ff3200f6ff37000020a000da
:10721800c08388003c22a9003c02ab00eeff32008c
:10722800f4ff37000010a000c083880011a10a00f5
:107238003c020000e1cf5000e5ff3a00f3ff3700c1
:1072480010002000c08388003cc2ab00dcff320085
:10725800f4ff370000128800ef80600011128800e8
:1072680000000600101280008000eb00c001dd0065
:1072780002002000001280008000eb000200700075
:1072880083807000000006000002be00e0052000b8
:10729800800f5200e08f5a000a0036003b62a800b7
:1072a80038e2a9000401be0000102e00515f200042
:1072b80073e80700001288006f80600010128800d1
:1072c800000006003b62a900f70f5200e08f5a0049
:1072d8000e00360038e2a8004229dd00ce21de008b
:1072e800830171004221dd0000102e00515f200053
:1072f80063e8070061005000e08058000012880031
:107308006f806000101288000000060038e2a900b3
:107318004429dd00cc21de00830171004421dd0019
:1073280000102e00515f200055e807006100500052
:10733800e0805800001288006f80600010128800fa
:1073480000000600121280008001eb00c012dd0070
:1073580004002000021280008001eb00040171008b
:10736800858171003b62ab000b003a00610041006f
:10737800e080490038e2ab000d003a004409dd0026
:10738800cc01de00830171004401dd0000102e00f5
:10739800515f20003ae83700e00f5100e08f5900b4
:1073a800f2ff320000102e00515f200034e8370051
:1073b8004209dd00ce01de00830171004201dd00db
:1073c80000102e00515f20002de837000184800056
:1073d80071089000216992000204e00002003a005e
:1073e800020720008280b90090089800c01a88001f
:1073f8008000d100b11a8800a11f80008080500051
:10740800811f8800411c800000805000201c8800db
:107418002e63a80000000600cde3a80061e3a800e1
:1074280097e3a8002be3a8001000200010200a0012
:10743800000300000018800054400a00000000000b
:1074480000188800803821000003e200040035009d
:107458000000e9000000e000fbff3a000000060021
:107468002e63a8003263a8003243a8006863a9000d
:107478006843a8009e63a8009e43a800d463a9009f
:10748800d443a80031a3a9003183a90067a3a800a9
:107498006783a8009da3a9009d83a900d3a3a80082
:1074a800d383a8000000060031a3a8003183a800f8
:1074b80067a3a8006783a8009da3a8009d83a800d0
:1074c800d3a3a800d383a8000000060080082000ea
:1074d80050198800001b8800b01c8800601e8800b6
:1074e800008020006019880030242000101b8800cc
:1074f80010242000c01c8800701e88000100230092
:10750800811988003223ef0000002700301b880013
:107518006823ef00e11c88009e23ef00901e88007e
:10752800d423ef003423ef003000200020200a008d
:107538003403000070fe2f003423b6003503a80082
:107548003623ef0036c3a8006a23ef006c23ef0050
:107558003000200020200a00a003000070fe2f0049
:10756800a023b600a223ef00d623ef00d823ef0014
:1075780000c42900901a8800401c8800f01d88006b
:10758800a01f880000e22400701a8800d01d88001f
:1075980000282000e01a8800d01a88009223ef0003
:1075a80001372000811c8800401e8800301e88009a
:1075b800fe23ef00e11f88005823ef00701a8000b7
:1075c800201e8800901a8000c11a8000821c80004a
:1075d8008280400001005000201c8800901a800022
:1075e800c11a8000e21f8000828040000100500024
:1075f800801f88000000060031a3a8003183a8007e
:107608009da3a8009d83a80000000600810c20000f
:107618008180b900c01a88000000d100b01a880023
:107628002e63a8000000060000848000e0c89200d5
:107638000104e00013003200b038910070c99200d4
:107648000204e00008003a0000299100810f51006f
:107658000c00310011c0b30071c89a00d383a9008f
:107668006783a9000000060010299100810f5100ce
:10767800040036008040eb0071c89a00d383a8004c
:107688006783a80000000600e070210021c0b30055
:107698000148780021409800114098000000060039
:1076a800e24f50000e003e000081fb00e170210017
:1076b8008280400012c0b300914f110008003200d0
:1076c80082487800824f500006003200e24f500096
:1076d800020032005beea800000006005aeea80087
:1076e800000006005b0ea80000000600e24f5000f4
:1076f8000d003e000081fb00e17021008280400007
:107708001104e000080032008048eb00e14f50000f
:1077180006003200e24f5000020032005beea80083
:10772800000006005aeea900000006005b0ea90042
:1077380000000600e14f5000060032000004e0009f
:1077480012003200e24f5000080032000000000032
:107758000000060088a00a005a0e000010c0b200ff
:1077680088200a005a0e000000000600d07280002f
:107778000070a2000008b200d17280000170a10060
:1077880081007000d172880000000600d07280006d
:107798004f00de000000a200ff200a005a0e000081
:1077a80000000600e24f500005003e000080fb008c
:1077b800e17021000080400021c0b300014878003a
:1077c80000000600e24f500008003e000080fb0069
:1077d800e27021000001410053c0b3000349780062
:1077e8008270210000004100014878000000060076
:1077f800e24f500005003e000080fb00e1702100d0
:107808000080400031c0b300014878000000060045
:10781800e24f500005003e000080fb00e1702100af
:107828000080400041c0b300014878000000060015
:10783800889fbe00e3702100b270210010c0b30021
:1078480046c1b3000044eb0027c0b30059c0b300e1
:107858008042e900b3407800e1cf50000b003600c9
:1078680006427800e3cf5000040032000742780057
:10787800e4cf500001003200094278009240e8004d
:1078880084cf50000600310001497800e24f5000d3
:107898000f003e000040e8000201e800ecff37005e
:1078a80008497800e1cf520013003200e2cf5200bd
:1078b80009003a00d07280000070a2000008b200ef
:1078c800d17280000170a10081007000d17288001f
:1078d8004f04be0000000600d1728000cf08de0011
:1078e8000100a200ff210a005a0e0000e24f5000da
:1078f800e8ff3600f6ff370088a10a005a0e00009c
:1079080011c0b20088210a005a0e00000040e800a9
:107918000201e800ceff3700020141000200e0004a
:107928000e0032008081e9008100e8000201e900d0
:107938000200a100020040000382e80084017800f0
:10794800f8820a0014000000f2f89f0094487800ba
:107958008180e800800f5200f7ff3a00000006001f
:10796800889fbe00e1446100020478000904e00039
:10797800130032000800a1000800e00015003200e2
:107988000003eb008001eb0083834000830240008a
:107998003582fb004822dd009582fb00850b420002
:1079a8008381e8000603e800888f5100f6ff39005c
:1079b8000904e00008003a004f04be000000060079
:1079c8000200e000fcff32000003eb008001eb0046
:1079d800edff37000003eb000603e8000603430051
:1079e80006834000020040000000e9001080fb0010
:1079f8004800dd00000b78004f04be0000000600c0
:107a0800e0828800c1828800d2828800f362840004
:107a1800030401003163840001040100c0009000e8
:107a2800e28f50000200320011002000410098004f
:107a380000000600881f78000004780040009000cd
:107a4800e10f500004003600e40f5000020032003d
:107a58004f047800000006000800780041638400a5
:107a68000100010020002000400498004f04780025
:107a7800000006005163840001040100d0828000e8
:107a8800680040001000e900e10f50001c003600bb
:107a9800e0828000680040001080e900e10f50009b
:107aa8000c003600c0828000680040001080e900a9
:107ab800e10f50000100360000000600206384003a
:107ac800000001000080fb00c1828000c000980017
:107ad8000000060010638400000001000080fb0025
:107ae800e1828000c0009800c082800068004000e9
:107af8001080e900e10f5000efff3e00efff370074
:107b080000638400000001000080fb00d182800037
:107b1800c0009800e0828000680040001080e90002
:107b2800e10f5000dfff3e00eaff370000000600cb
:107b38005bcea80000848000111020000128980066
:107b4800adfe07000084800051002000110098005d
:107b580011002000611898005bcea9000000060003
:107b6800a5fe07000084800011002000611898001d
:107b7800c1cfb30090c0600062c87000000006006a
:107b8800881f78000808210021052000188040007f
:107b980014002000050020001300200052282000b7
:107ba80061d1200029fc07006106200018804000f0
:107bb800140020000500200013002000b2e420007b
:107bc80001fd200021fc0700a107200018804000cb
:107bd8001400200005002000130020001276200069
:107be800c178200019fc0700e10820001880400037
:107bf80014002000050020001300200062832000ec
:107c080001d7200011fc0700210a2000188040003d
:107c1800140020000500200013002000b2472000b7
:107c2800c12f200009fc0700a10c2000188040008b
:107c3800240020000500200023002000d28120001d
:107c48007189200001fc070010d8200070658800a9
:107c5800c0d92300320407004f0478000000060052
:107c6800889fbe0000848000e01090002005b000ce
:107c780042db230010fc07000044780000848000e9
:107c8800901090006006b00042db23000afc070059
:107c9800004464000084800090109000a007b000a9
:107ca80042db23003efc070000446400008480009f
:107cb800b0109000e008b00042db2300fefb070094
:107cc8000844600000848000b0189000a00cb00048
:107cd80042db2300f8fb07000984800008406000ad
:107ce8006100600000004000990078000110a100c8
:107cf800808c7000a7040700e01c98004f04be00a9
:107d080000000600008480008000eb000128980035
:107d18002130980041a0980041389800618098006f
:107d2800019098002198980061a8980001b89800df
:107d38007c70ef00611898001010a1000000060088
:107d4800606c2100a10621000108780004092100c7
:107d580044b68800c3ff260053b6880062ff260099
:107d680062b688008000eb0071b68800f5ff270036
:107d780095b6880081b68800a1b6880085a324003e
:107d8800b5b688004539260055838800b5c6210058
:107d98006583880065072300050a7800a44e200043
:107da8009484880044472d00a484880081097800c1
:107db800f17f8b0001097800c17f8b00d17f8b0098
:107dc8005b033700406b2100a408210004087800f9
:107dd80001052100b1b5880003ff2600c3b588005e
:107de80082fe2600d2b588008000eb00e1b588004d
:107df800a512240005b68800d5ff2f00f5b5880028
:107e080011b6880085a3240025b68800b524220071
:107e1800050a7800e4dd2f006484880054f42f00fc
:107e280074848800c4ff27008482880094ea2b00a9
:107e38009482880024702800a48288005485240035
:107e4800b482880081097800917f8b00a17f8b0024
:107e580001097800517f8b00617f8b00717f8b0057
:107e680034023700006a2100610621000108780009
:107e78004408210014b5880043fe260023b5880075
:107e8800e2fd260032b588008000eb0041b588008d
:107e9800f5ff270065b5880051b5880065222000e8
:107ea80075b5880005cd200085b58800f5a02600a9
:107eb80035838800055f21004583880085092700f0
:107ec800050a7800840420003484880004fb280014
:107ed8004484880081097800317f8b00010978008b
:107ee800017f8b00117f8b00110337000000eb002e
:107ef800807f8b00907f8b00a07f8b00407f8b0062
:107f0800507f8b00607f8b00707f8b00207f8b0001
:107f1800307f8b00f07e8b00007f8b00107f8b0002
:047f2800000006004f
:020000040000fa
:107f2c005e100000040000008000000060160000dd
:107f3c00400000008000000040100000080000001d
:107f4c0082000000010000000002000000000000a0
:107f5c00181000000e00000080000000101200003d
:107f6c0068010000800000006e100000020000009c
:107f7c008000000070100000020000008000000073
:107f8c00fa1600000e0000008000000072100000c5
:107f9c0002000000800000007410000002000000cd
:107fac008000000048100000080000008000000065
:107fbc00da1600002000000080000000761000009f
:107fcc000200000080000000781000000200000099
:107fdc00800000000010000018000000800000006d
:107fec00581000000600000080000000ac150000d6
:107ffc00b400000080000000341000000c000000f1
:10800c0080000000781300002401000080000000b4
:10801c007a10000002000000820000000100000045
:10802c00621000000400000080000000081700002f
:10803c000a000000800000009c14000010010000e9
:10804c00800000007c100000020000008000000096
:10805c007e100000020000008000000026100000ce
:10806c000e00000080000000a01600003a00000086
:10807c0080000000de6f0000220000008000000085
:10808c008410000012000000800000006610000048
:10809c0004000000800000005010000008000000e8
:1080ac00800000006a100000040000008000000046
:1080bc009610000078010000800000008010000085
:1080cc0002000000820000009610000082100000e8
:1080dc000200000082000000dcff00000000000035
:020000040000fa
:1080ec008000780005082000808242006011b800f2
:1080fc005102780002014200e0814900818f520058
:10810c00fbff3a00ca18dd004611de000281700048
:10811c00c619de000208780000000600881f7800ef
:10812c0048522100284091000004e0000200320077
:10813c0008007800eaff0700180078004f04780068
:10814c0000000600881f7800c849210028409100d3
:10815c000004e0000200320008007800e0ff070095
:10816c00180078004f0478000000060040522100ef
:10817c0020409100c1492100a140910001406000c4
:10818c0000000600415221000040eb00a040990085
:10819c000000eb0050ad880080087800c149210038
:1081ac00a040990010a98800800878000000060003
:1081bc00889fbe004952210058ad8000f00320007a
:1081cc00800f54000f00360010c0b300a04499007b
:1081dc000000eb0050ad8800c949210018a98000af
:1081ec00f0032000800f54001200360010c0b300c2
:1081fc00a04499000000eb0010a988004f04be00b9
:10820c0000000600a05a21000808e8008b000700b7
:10821c000804e8000804440008844400000c7800ba
:10822c00c949210018a98000f0032000800f5400d8
:10823c00eeff3e00205221000808e80082000700f3
:10824c000804e8000804440008844400000c78008a
:10825c004f04be0000000600d5ff3700a04091007f
:10826c000104e000010032009dff07000000060041
:10827c00000378001002be0004814000e0814a0037
:10828c00800078008298be001102e800240098005b
:10829c00b0009000810f52000200310040009000ad
:1082ac0000000600050009004499d800000278007f
:1082bc0040039800000beb00361378000001eb0034
:1082cc00220398000400780000000600889fbe007e
:1082dc000002780081017800c0009000300090000e
:1082ec00540190008202410085024200150378007f
:1082fc00830a780000804100e080480006005000ae
:10830c00e08058000004be00300298004102980042
:10831c000201e8008001eb00350020006a034200f6
:10832c00050009004599d800010b780005000900eb
:10833c0045ccd800600298004f04be000000060037
:10834c008040eb00214898009000e800010878007c
:10835c00900190000041eb00838f5000100036001c
:10836c000008eb00b00190009300780040019000f1
:10837c0012017800828f50000c0032002002900015
:10838c0084824000850f51000d003e008480500017
:10839c00810f510004003100810978000041eb008d
:1083ac0002407800000006008209780011c0b3007a
:1083bc002148980001417800024078000000060036
:1083cc00850978000041eb000240780000000600af
:1083dc0000848000200890000000060001848000ca
:1083ec00900098000000060001848000c0009800f6
:1083fc000000060001848000a00098000000060028
:10840c0001848000d00098000000060001848000e8
:10841c00e00898000000060001848000f008980035
:10842c000000060001848000b008980000000600df
:10843c0001848000d0489800000006000084800071
:10844c004010900000000600008480006010900036
:10845c000000060000848000001890000000060058
:10846c00008480003018900000000600008480001a
:10847c0040189000000006000084800070009000fe
:10848c000000060000848000000890000000060038
:10849c000084800010009000000006000084800022
:1084ac001000780000000600008480006d00400081
:1084bc001080fb0000000600008480006008900023
:1084cc0000000600008480002018900000000600c8
:1084dc00000006000000050000000500008480007c
:1084ec0030109000000006000084800010109000f6
:1084fc0000000600008480002010900000000600a0
:10850c0000848000100890000000060000848000a9
:10851c00501090000000060000848000101890009d
:10852c0000000600889fbe008a1f780069092100a0
:10853c000004eb00e8848800d8848800f884880064
:10854c0008858800201c2100d08c8800a0092100ff
:10855c00e08c880010002000c08c880041002000b6
:10856c00b18c8800a88c88000045eb00884c9a00e0
:10857c00811b2100718c8800e1092100818c88000d
:10858c00608c8800c0032000508c8800488c8800c8
:10859c00cafc990032fe070009fe0700aa6c9a007b
:1085ac00f0ff2700f08d8800d88d8800e88d8800ba
:1085bc00c88d8800ca749a00408e8800288e880066
:1085cc00388e8800188e88004f0578004f04be0046
:1085dc0000000600008480008cf837000000eb00df
:1085ec00e0848800d0848800f084880000858800ae
:1085fc00c08d8800608e8800108e8800f0ff2700e8
:10860c00408e8800f08d8800908e880036fe3700f2
:10861c00807b2400008f8800b3ff070032f32f000b
:10862c00000141004311de00128f8800008f800092
:10863c006102b8000500090042aad800010520001b
:10864c00810f500002003e00e08e88000000060002
:10865c00e18e880000000600841f7800851f7800da
:10866c00881f78008a1f78004400f800040a200054
:10867c00240288003005900040049000aa0290006b
:10868c00350598009a029000250598008a02900002
:10869c001505980091025100882add00050d78001f
:1086ac00100490004604c3004604c0004604c000f9
:1086bc004604c0001201c000000490002005900088
:1086cc004604c7004604c0000204c0001201c000ea
:1086dc000400cd00e00290001301c000d002900015
:1086ec000500c8000400cd00f00290001520e60043
:1086fc0005027800800a900015a0e60005027800bb
:10870c00faba9700050d7800eaba970075bd9f007c
:10871c0064bd9f00840978004400f9004f0578007f
:10872c004f047800cf0278004f027800000006005a
:10873c00801f7800200090000018eb000018eb0060
:10874c000008eb004f007800801f7800300090008c
:10875c000018eb000018eb000018eb000008eb0011
:10876c004f0078000000060000000600c3e8a900d6
:10877c00000000000000000087020700c3e8a8000a
:10878c000000000000000000a03b24004082880094
:10879c0025a8a8000000060000002800e0028800c0
:1087ac0000000600000024000003880010c0b30085
:1087bc004ef0b700000006004e70ef006800ab00f2
:1087cc00feff32008000200020038800000006001d
:1087dc00400380006140600000000600e1042100bd
:1087ec00914078000140780000000600b003800042
:1087fc00a20380008000eb00c000dd000000200020
:10880c008001eb0002007000838070000000060005
:10881c00d0038000c20380008000eb00c000dd00ac
:10882c00000020008001eb000200700083807000cb
:10883c0000000600100e20006800b60000000600c4
:10884c0070038000620380008000eb00c000dd003c
:10885c00000020008001eb0002007000838070009b
:10886c00000006000000e000010032004082880099
:10887c00000006000004200000648800a00820000e
:10888c003064880050052000206488008a2cef009a
:10889c008000280040648800e08320007064880019
:1088ac00d00c200060648800922cef00902cef001c
:1088bc00942cef00a04a24008083880081eca8004f
:1088cc000000060081eca900802cef00a00820001d
:1088dc003064880050052000206488008a2cef004a
:1088ec00882cef008e2cef008c2cef00922cef00dc
:1088fc00902cef00942cef000000060040648000e8
:10890c004700de00614060000000060081eca8001a
:10891c000000060081eca9000000060089eca8000c
:10892c000000060089eca90000000600b0200a0037
:10893c008e0c0000000006000000e0000100320078
:10894c0080838800000006000000060009a8ab0028
:10895c0001003a0000000600808380000000e00067
:10896c00010032000000010009a8a9000000060067
:10897c00062eef00222eef0000402000f071880040
:10898c005a2eef007001200010708800f03f20007c
:10899c00f0708800f09f2f00d071880040c5230034
:1089ac00b07288000a2eef00262eef00422eef0048
:1089bc005e2eef000c2eef00282eef00442eef0061
:1089cc00602eef00082eef00242eef00402eef005b
:1089dc005c2eef00f0012000007088006038200051
:1089ec00e0708800f00c2000c071880000c02200ec
:1089fc00a07288000000eb0051052000b1468800f1
:108a0c00a10a2000b146880000688800b0c3b300fa
:108a1c0028edb70060c4b30038edb700900120001a
:108a2c00d8200a00980d00001100200050210a00e7
:108a3c009a0d000020022000d8200a00a20d000090
:108a4c0051012000d8210a00a40d00000080200054
:108a5c0051052000b1468800a10a2000b1468800cb
:108a6c000068880000000600841f7800851f7800cd
:108a7c00881f78008a1f78004400f800040a200040
:108a8c002402880030059000400490009a02900067
:108a9c00250598008a029000150598009102510056
:108aac00882add00050d7800100490004604c300f0
:108abc004604c0000204c0001201c0000004900073
:108acc00200590004604c7000204c0001201c0003b
:108adc000400cd00e00290001301c000d002900011
:108aec000500c8000400cd00f00290001520e6003f
:108afc0005027800800a900015a0e60005027800b7
:108b0c00faba9700050d780074bd9f0084097800af
:108b1c004400f9004f0578004f047800cf0278002c
:108b2c004f0278000080fe0000000600801f7800d5
:108b3c00200090000018eb000008eb004f007800bc
:108b4c00801f7800300090000018eb000018eb003c
:108b5c000008eb004f00780000000600326bab0001
:108b6c00030032000084800091618000411898005d
:108b7c0031cbab00030032000084800041618000e7
:108b8c0031189800312bab000300320000848000b8
:108b9c00f160800031109800314bab0003003200c3
:108bac00008480000161800011109800304bab00f4
:108bbc000300320000848000816080002110980046
:108bcc000000060003848000437092000004e00063
:108bdc0010003a00236892000004e00001003a0003
:108bec00000006000319910033389100a011990080
:108bfc0041122000838040006312b000406b2100c2
:108c0c0095fe0700008480003010910002fe0700e2
:108c1c00edf9370023109000f011990063119100c9
:108c2c00e1122000838040000313b000006a210091
:108c3c008dff070003848000236892000004e0008d
:108c4c00e7ff3200e7ff3700600420000064880073
:108c5c00a0082000306488005005200020648800a3
:108c6c00aa2cef0080302a004065880000f020001c
:108c7c0070658800d00c200060658800b22cef0075
:108c8c00b02cef00b42cef00c06924007083880076
:108c9c0009e8a90029e8a80081eca800000006005a
:108cac0081eca90009e8a90029e8a900802cef00b3
:108cbc00a008200030648800500520002064880043
:108ccc00aa2cef00a82cef00ae2cef00ac2cef0080
:108cdc00b22cef00b02cef00b42cef00000006001b
:108cec00406580004700de00614060000000060027
:108cfc0081eca8000000060081eca9000000060031
:108d0c00a9eca80000000600a9eca90000000600d0
:108d1c00b0200a00ae0c0000000006000000e000cd
:108d2c00010032007083880000000600000006007d
:108d3c00841f7800851f7800881f78008a1f7800b0
:108d4c004400f800040a200024028800300590003a
:108d5c00400490009a029000250598008a02900029
:108d6c001505980091025100882add00050d780048
:108d7c00100490004604c3004604c0000204c00066
:108d8c001201c0000400cd00900a90001201c30033
:108d9c001301c00000049000200590004604c70099
:108dac000204c0001201c0000400cd00e0029000db
:108dbc001301c000d00290000500c8000400cd00d3
:108dcc00f00290001520e60005027800800a900061
:108ddc0015a0e60005027800faba9700050d780098
:108dec0074bd9f00840978004400f9004f05780099
:108dfc004f047800cf0278004f0278000080fe000c
:108e0c00000006003230ef003030ef0000000600aa
:108e1c003230ec000028a9002a0107002e70ec006b
:108e2c002ed0bf00e94f500001003e0000000600ac
:108e3c00250107002e70ef000000060081818000e4
:108e4c0090818000808f50001b0032003030ec008d
:108e5c001e0107002c30ec0060818000e90f5000ef
:108e6c0001003e00000006002c30ef001801070046
:108e7c002a30ec0050818000e90f5000f9ff3600d9
:108e8c002a30ef00130107002830ec0040818000ed
:108e9c00e90f5000f3ff36002830ef000f010700f8
:108eac002630ec0030818000e90f5000edff3600d9
:108ebc002630ef000a0137000a0137003230ef008c
:108ecc003030ef00ddff0700dcff0700fdff37004f
:108edc0010002300307c880020032000407c880098
:108eec008c2fef0010212000507c880011102800de
:108efc00717c8800d1072000817c8800907c8800e0
:108f0c0090202800d07c8800b82fef00ba2fef00fb
:108f1c00be2fef00002def00a02fef00a42fef00cd
:108f2c00a62fef00a82fef00aa2fef00ae2fef0017
:108f3c00b02fef00b22fef0080072000320020008e
:108f4c00a109200053f8200080497800814978005d
:108f5c008249780060042000120020007105200076
:108f6c0043f82000804978008149780082497800d4
:108f7c00840fab00feff3a0084afab00feff320063
:108f8c0000000600eea00a008e0f00000000060094
:108f9c000184800050062000010040001080fb007e
:108fac000000400012052000010141001281fb006d
:108fbc0002004000920c2000010141001281fb00d4
:108fcc004211dd0002004000920720000101410027
:108fdc001281fb004311dd0002004000d20820008a
:108fec00010141001281fb004411dd000200400030
:108ffc00120a2000010141001281fb004511dd0025
:10900c0002004000520b2000010141001281fb00c4
:10901c004611dd0002004000d20d2000010141008c
:10902c001281fb004711dd0002004000110fb0005f
:10903c009180fb00c808dd00010040000000060024
:10904c00400880008000eb00000006002008800033
:10905c008000eb00000006000021ef000421ef006f
:10906c00f07022004008880020872400b08388001c
:10907c000028a9002028a80001e1a8000000060093
:10908c0001e1a9002028a9000021ef000421ef0034
:10909c0008a1ef00000006000028a9002028a80065
:1090ac0001e1a8000000060001e1a9002028a900a8
:1090bc0000000600400888000000060064200a003a
:1090cc0040080000000006000000e0000100320033
:1090dc00b0838800000006000000060040088800ed
:1090ec0000000600680007000efd0700a3fa070049
:1090fc0029e8a90060002000ec200a0066080000a6
:10910c0009e8a90029e8a800770007004cf407003b
:10911c005cf90700008480008000eb00712099004e
:10912c0008cba80017fc0700118480002008210040
:10913c000108e9000100e000070032000000000017
:10914c00118480000108e900100178001284880065
:10915c000100e000f9ff3a006a000700e07024000b
:10916c00d9ff070055ff0700ffff37000000fe0086
:10917c002644020000000000821f7800528280000a
:10918c000000110002002000810019004f0178003e
:10919c00000006000000fe00801f7800811f780090
:1091ac00821f780060038000801f78002644020034
:1091bc00000000004f017800020150000201e9009c
:1091cc00528288004f017800cf0078004f00780061
:1091dc0000000600007c800000000600007c80007f
:1091ec000000e0001000350000e8a3000100320090
:1091fc0081cfa9000098a30001003200812fa900a3
:10920c000078a3000100320080efa9000068a300e1
:10921c000100320080cfa9000048a30001003200f9
:10922c00808fa9000000060081efa900eeff370037
:10923c00802fef000000060010002000ec200a0038
:10924c006c080000ec200a006608000064200a008c
:10925c005608000064200a004008000000000600c8
:10926c0040002000ec200a006c080000ec200a00f2
:10927c006608000064200a005608000064200a00fa
:10928c00400800000000060011ff0700b8fd0700b1
:10929c00b4ed070091ea070076fd07006afe0700af
:1092ac006ef0070031fd070052e307006aff07006c
:1092bc0069f70700c3e8a8000000000000000000e8
:1092cc00ddff3700c3fc37000000060016fa37003c
:1092dc0000000600e8f9070023f5370053f93700c2
:1092ec00f0f3370000000600000000000000000052
:1092fc000000000074f8070046f837000000fe007c
:0c930c0000000600bffe37002efe3700f8
:020000040000fa
:020000040005f5
:047e0000ffffff0081
:020000040000fa
:020000040005f5
:047e2000ffffff0061
:020000040000fa
:020000040005f5
:047e300078ffff00d8
:020000040000fa
:020000040005f5
:047e380078ffff00d0
:020000040000fa
:020000040005f5
:047e4000f453ff00f8
:020000040000fa
:020000040005f5
:047e4800ffffff0039
:020000040000fa
:020000040005f5
:047e5000deffff0052
:020000040000fa
:020000040005f5
:047e58000000ff0027
:020000040000fa
:020000040005f5
:047e60000000ff001f
:020000040000fa
:020000040005f5
:047e68000000ff0017
:020000040000fa
:020000040005f5
:047e70000000ff000f
:020000040000fa
:020000040005f5
:047e7800ffffff0009
:020000040000fa
:020000040005f5
:047e8000fffcff0004
:020000040000fa
:020000040005f5
:047e8800ffffff00f9
:020000040000fa
:020000040005f5
:047ff800ffffff0088
:020000040000fa
:020000040100f9
:04300000ffffff00cf
:00000001FF
