:020000040000fa
:080000000002040000000000f2
:020000040000fa
:040008005809000093
:020000040000fa
:04000c00c808000020
:020000040000fa
:04001000e408000000
:020000040000fa
:04001400900900004f
:020000040000fa
:040018007409000067
:020000040000fa
:04001c004e0a000088
:020000040000fa
:0400200000090000d3
:020000040000fa
:040024004e0a000080
:020000040000fa
:040028004e0a00007c
:020000040000fa
:04002c00b409000013
:020000040000fa
:040030004e0a000074
:020000040000fa
:040034004e0a000070
:020000040000fa
:040038004e0a00006c
:020000040000fa
:04003c004e0a000068
:020000040000fa
:040040004e0a000064
:020000040000fa
:040044004e0a000060
:020000040000fa
:040048004e0a00005c
:020000040000fa
:04004c004e0a000058
:020000040000fa
:040050004e0a000054
:020000040000fa
:040054004e0a000050
:020000040000fa
:040058004e0a00004c
:020000040000fa
:04005c004e0a000048
:020000040000fa
:040060004e0a000044
:020000040000fa
:040064004e0a000040
:020000040000fa
:040068004e0a00003c
:020000040000fa
:04006c004e0a000038
:020000040000fa
:040070004e0a000034
:020000040000fa
:040074004e0a000030
:020000040000fa
:040078004e0a00002c
:020000040000fa
:04007c004e0a000028
:020000040000fa
:040080004e0a000024
:020000040000fa
:040084004e0a000020
:020000040000fa
:040088004e0a00001c
:020000040000fa
:04008c005408000014
:020000040000fa
:040090004e0a000014
:020000040000fa
:040094004e0a000010
:020000040000fa
:040098004e0a00000c
:020000040000fa
:04009c004e0a000008
:020000040000fa
:0400a0004e0a000004
:020000040000fa
:0400a4004e0a000000
:020000040000fa
:0400a8004e0a0000fc
:020000040000fa
:0400ac004e0a0000f8
:020000040000fa
:0400b0004e0a0000f4
:020000040000fa
:0400b4004e0a0000f0
:020000040000fa
:0400b8004e0a0000ec
:020000040000fa
:0400bc004e0a0000e8
:020000040000fa
:0400c0004e0a0000e4
:020000040000fa
:0400c4004e0a0000e0
:020000040000fa
:0400c8004e0a0000dc
:020000040000fa
:0400cc004e0a0000d8
:020000040000fa
:0400d0004e0a0000d4
:020000040000fa
:0400d4004e0a0000d0
:020000040000fa
:0400d8004e0a0000cc
:020000040000fa
:0400dc00a808000070
:020000040000fa
:0400e0004e0a0000c4
:020000040000fa
:0400e4004e0a0000c0
:020000040000fa
:0400e8004e0a0000bc
:020000040000fa
:0400ec004e0a0000b8
:020000040000fa
:0400f0004e0a0000b4
:020000040000fa
:0400f4004e0a0000b0
:020000040000fa
:0400f8004e0a0000ac
:020000040000fa
:0400fc004e0a0000a8
:020000040000fa
:040100004e0a0000a3
:020000040000fa
:040104004e0a00009f
:020000040000fa
:040108004e0a00009b
:020000040000fa
:04010c004e0a000097
:020000040000fa
:040110004e0a000093
:020000040000fa
:040114004e0a00008f
:020000040000fa
:040118004e0a00008b
:020000040000fa
:04011c004e0a000087
:020000040000fa
:040120004e0a000083
:020000040000fa
:040124004e0a00007f
:020000040000fa
:040128004e0a00007b
:020000040000fa
:04012c004e0a000077
:020000040000fa
:040130004e0a000073
:020000040000fa
:040134004e0a00006f
:020000040000fa
:040138004e0a00006b
:020000040000fa
:04013c004e0a000067
:020000040000fa
:040140004e0a000063
:020000040000fa
:040144004e0a00005f
:020000040000fa
:040148004e0a00005b
:020000040000fa
:04014c004e0a000057
:020000040000fa
:040150004e0a000053
:020000040000fa
:040154004e0a00004f
:020000040000fa
:040158004e0a00004b
:020000040000fa
:04015c004e0a000047
:020000040000fa
:040160004e0a000043
:020000040000fa
:040164008808000007
:020000040000fa
:040168004e0a00003b
:020000040000fa
:04016c004e0a000037
:020000040000fa
:040170004e0a000033
:020000040000fa
:040174004e0a00002f
:020000040000fa
:040178004e0a00002b
:020000040000fa
:04017c004e0a000027
:020000040000fa
:040180004e0a000023
:020000040000fa
:040184004e0a00001f
:020000040000fa
:040188004e0a00001b
:020000040000fa
:04018c004e0a000017
:020000040000fa
:04019000ba050000ac
:020000040000fa
:04019400d00900008e
:020000040000fa
:04019800200800003b
:020000040000fa
:04019c00b4060000a5
:020000040000fa
:0401a0004e0a000003
:020000040000fa
:0401a4004e0a0000ff
:020000040000fa
:0401a8004e0a0000fb
:020000040000fa
:0401ac004e0a0000f7
:020000040000fa
:0401b0004e0a0000f3
:020000040000fa
:0401b4004e0a0000ef
:020000040000fa
:0401b800e806000055
:020000040000fa
:0401bc001c0700001c
:020000040000fa
:0401c0004e0a0000e3
:020000040000fa
:0401c4004e0a0000df
:020000040000fa
:0401c8004e0a0000db
:020000040000fa
:0401cc0050070000d8
:020000040000fa
:0401d00084070000a0
:020000040000fa
:0401d4004e0a0000cf
:020000040000fa
:0401d8004e0a0000cb
:020000040000fa
:0401dc004e0a0000c7
:020000040000fa
:0401e000b80700005c
:020000040000fa
:0401e4004e0a0000bf
:020000040000fa
:0401e8004e0a0000bb
:020000040000fa
:0401ec004e0a0000b7
:020000040000fa
:0401f0004e0a0000b3
:020000040000fa
:0401f4004e0a0000af
:020000040000fa
:0401f8004e0a0000ab
:020000040000fa
:0401fc004e0a0000a7
:020000040000fa
:040200004e0a0000a2
:020000040000fa
:040204004e0a00009e
:020000040000fa
:040208004e0a00009a
:020000040000fa
:04020c004e0a000096
:020000040000fa
:040210004e0a000092
:020000040000fa
:040214004e0a00008e
:020000040000fa
:040218004e0a00008a
:020000040000fa
:04021c004e0a000086
:020000040000fa
:040220004e0a000082
:020000040000fa
:040224004e0a00007e
:020000040000fa
:040228004e0a00007a
:020000040000fa
:04022c004e0a000076
:020000040000fa
:040230004e0a000072
:020000040000fa
:040234004e0a00006e
:020000040000fa
:040238004e0a00006a
:020000040000fa
:04023c004e0a000066
:020000040000fa
:040240004e0a000062
:020000040000fa
:040244004e0a00005e
:020000040000fa
:040248004e0a00005a
:020000040000fa
:04024c004e0a000056
:020000040000fa
:040250004e0a000052
:020000040000fa
:040254004e0a00004e
:020000040000fa
:040258004e0a00004a
:020000040000fa
:04025c004e0a000046
:020000040000fa
:040260004e0a000042
:020000040000fa
:040264004e0a00003e
:020000040000fa
:040268004e0a00003a
:020000040000fa
:04026c004e0a000036
:020000040000fa
:040270004e0a000032
:020000040000fa
:040274004e0a00002e
:020000040000fa
:040278004e0a00002a
:020000040000fa
:04027c004e0a000026
:020000040000fa
:040280004e0a000022
:020000040000fa
:040284004e0a00001e
:020000040000fa
:040288004e0a00001a
:020000040000fa
:04028c004e0a000016
:020000040000fa
:040290004e0a000012
:020000040000fa
:040294004e0a00000e
:020000040000fa
:040298004e0a00000a
:020000040000fa
:04029c004e0a000006
:020000040000fa
:0402a0004e0a000002
:020000040000fa
:0402a4004e0a0000fe
:020000040000fa
:0402a8004e0a0000fa
:020000040000fa
:0402ac004e0a0000f6
:020000040000fa
:0402b0004e0a0000f2
:020000040000fa
:0402b4004e0a0000ee
:020000040000fa
:0402b8004e0a0000ea
:020000040000fa
:0402bc004e0a0000e6
:020000040000fa
:0402c0004e0a0000e2
:020000040000fa
:0402c4004e0a0000de
:020000040000fa
:0402c8004e0a0000da
:020000040000fa
:0402cc004e0a0000d6
:020000040000fa
:0402d0004e0a0000d2
:020000040000fa
:0402d4004e0a0000ce
:020000040000fa
:0402d8004e0a0000ca
:020000040000fa
:0402dc004e0a0000c6
:020000040000fa
:0402e0004e0a0000c2
:020000040000fa
:0402e4004e0a0000be
:020000040000fa
:0402e8004e0a0000ba
:020000040000fa
:0402ec004e0a0000b6
:020000040000fa
:0402f0004e0a0000b2
:020000040000fa
:0402f4004e0a0000ae
:020000040000fa
:0402f8004e0a0000aa
:020000040000fa
:0402fc004e0a0000a6
:020000040000fa
:040300004e0a0000a1
:020000040000fa
:040304004e0a00009d
:020000040000fa
:040308004e0a000099
:020000040000fa
:04030c004e0a000095
:020000040000fa
:040310004e0a000091
:020000040000fa
:040314004e0a00008d
:020000040000fa
:040318004e0a000089
:020000040000fa
:04031c004e0a000085
:020000040000fa
:040320004e0a000081
:020000040000fa
:040324004e0a00007d
:020000040000fa
:040328004e0a000079
:020000040000fa
:04032c004e0a000075
:020000040000fa
:040330004e0a000071
:020000040000fa
:040334004e0a00006d
:020000040000fa
:100400006f742100eefc26000e0188000000000041
:10041000000020000000e000020032000001200087
:1004200020028800140007001e0407000000e000fe
:1004300003003a00e06124000100200002003700c0
:100440000000200001002000810f70000100320038
:100450000f000700000020000000e0000200320052
:1004600000000200000000003c50020000000000fc
:100470000040da000000fe00a01f20000000e000a5
:1004800002003200002020009001880000000600d9
:10049000a1028800800478000000eb001f003700f4
:1004a000e284440054a0b4009905ba00e2844400f8
:1004b00054a0b4009906ba00e284440054a0b400e9
:1004c0000006eb00476fde00fd07b200ae018800ba
:1004d000636ce10003003a000ad801000000eb0061
:1004e0000e003700606ce10008003a00004deb00a0
:1004f0000a05e800020039003420ec000af0a000f0
:100500008b05e900f9ff3e00040037006168e10057
:10051000010032000086eb000b00070019c7ba008b
:100520001905ba000e04e00003003a000a00e000da
:10053000dbff3a0000000600fe07b200ae028800b2
:100540008a047800f5ff37000cd0a300e20f4d00bd
:100550001c003b0089027800354dba000a05e8000e
:10056000020039003420ec000af0a0008b05e900fd
:100570000f003200254dba000a05e80002003900dc
:100580003420ec000af0a0008b05e90008003200de
:100590000c00e0000600320015cdba000a05e800a4
:1005a000020039003420ec000af0a0008b05e900bd
:1005b0008984e80054a0b4000b00e000e2ff3a0098
:1005c000000006009902ba00055d78008b05e9007d
:1005d000f7ff3200c82ade00055d78008b05e900d0
:1005e000f3ff32000c00e000f1ff320019ddba0029
:1005f000eeff3700382a040000000000422a040001
:1006000000000000ee2a0400000000007028040032
:1006100000000000542604000000000058260400da
:10062000000000005c2604000000000060260400ba
:10063000000000006426040000000000662604009c
:1006400000000000a82604000000000000270400ad
:100650000000000026270400000000002a270400f4
:10066000000000002e2704000000000032270400d4
:1006700000000000302a040000000000e62b040007
:10068000000000003a2a040000000000ea2a0400ea
:1006900000000000442a0400000000003827040085
:1006a000000000008a27040000000000dc2704008e
:1006b000000000001e28040000000000f82b0400c9
:1006c0000000000030290400000000003a29040066
:1006d00000000000e01f0400000000003c260400b1
:1006e000000000003e260400000000004026040038
:1006f0000000000042260400000000004426040020
:10070000000000003a26040000000000aa240400b3
:100710000000000058220400000000003a220400fb
:1007200000000000f01e040000000000c0220400d1
:1007300000000000b21f040000000000d0220400ee
:10074000000000004626040000000000c81f04004e
:1007500000000000d01f0400000000009a240400e4
:1007600000000000522504000000000040210400a9
:1007700000000000ba1f040000000000c21f0400b7
:10078000000000008a24040000000000f81e04009d
:10079000000000009c1f040000000000d81f04009f
:1007a00000000000e21f040000000000ea1f040037
:1007b00000000000f21f040000000000fa1f040007
:1007c0000000000002200400000000000a200400d5
:1007d000000000001220040000000000604e040031
:1007e00000000000ee4d0400000000001a4e04005e
:1007f00000000000424e040000000000464e0400cd
:10080000000000003a4e040000000000584e0400b2
:10081000000000004a4e0400000000004e4e04009c
:1008200000000000524e040000000000e44c0400f0
:10083000000000007a4c040000000000a24c0400fc
:1008400000000000c64c040000000000ca4c040078
:1008500000000000be4c040000000000dc4c04005e
:1008600000000000e64c040000000000ce4c040034
:1008700000000000d24c040000000000d64c040030
:100880000000000066310400000000006a3004002f
:1008900000000000a430040000000000b430040098
:1008a00000000000003104000000000022310400bc
:1008b000000000006831040000000000d033040094
:1008c000000000001a33040000000000463304005a
:1008d000000000009a330400000000005e310400b4
:1008e00000000000763104000000000070180400d1
:1008f0000000000036160400000000005c17040031
:1009000000000000fc12040000000000f2120400cd
:100910000000000006130400000000000a13040099
:10092000000000000e130400000000001213040079
:1009300000000000cc180400000000003a1304007e
:100940000000000062130400000000009213040085
:1009500000000000ba130400000000004a1904005f
:10096000000000009a19040000000000ea130400cf
:1009700000000000181404000000000040140400ef
:10098000000000006814040000000000901404003f
:1009900000000000b814040000000000e01404008f
:1009a00000000000081504000000000038150400d5
:1009b00000000000ea19040000000000a21a040070
:1009c00000000000121c0400000000005a1b04007c
:1009d00000000000ca12040000000000a21204007f
:1009e00000000000c81e040000000000be15040046
:1009f00000000000e615040000000000601504007f
:100a00000000000088150400000000000e1604001d
:100a100000000000e01c0400000000005a1d04005b
:100a200000000000d41d0400000000004e1e040061
:100a300000000000681804000000000072180400a4
:100a400000000000f44b04000000000036500400d9
:100a500000000000f64f0400000000000a500400ef
:100a60000000000016500400000000001e500400aa
:100a7000000000002450040000000000ea4f0400c1
:100a800000000000f04f04000000000028500400a7
:100a9000000000002e50040000000000ac3f0400e5
:100aa00000000000c83f040000000000da3f04001e
:100ab00000000000f43f040000000000fe3f0400be
:100ac0000000000006400400000000001440040084
:100ad0000000000022400400000000002640040046
:100ae000000000002a400400000000004240040012
:100af000000000004a40040000000000a84004007c
:100b000000000000b040040000000000c2400400eb
:100b100000000000204104000000000052400400da
:100b200000000000a837040000000000c2370400e5
:100b300000000000ea37040000000000d83704007d
:100b400000000000fc370400000000002e3a040002
:100b5000000000003e3a04000000000016450400ba
:100b6000000000002e45040000000000d24e0400ea
:100b7000000000003600f800809fbe00829fbe008b
:100b8000849fbe00869fbe003200f8003400f8004b
:100b900010002000a00188000020200000d0fe00ee
:100ba000708380000000e0000100320000000100be
:100bb0000ba8ab0062003a000c88ab004d003a0075
:100bc0000ca8ab0054003a000d28ab003f003a00df
:100bd0000d48ab0033003a000dc8ab0027003a00c7
:100be0000b68ab001b003a000b88ab0009003a0011
:100bf0000b48a9003400f9003200f9004f03be0091
:100c00004f02be004f01be004f00be003600f9008b
:100c10000040060071608000628380000200e000f6
:100c20000200320070002000020001000b88a900c1
:100c30000b48a9003400f9003200f9004f03be0050
:100c40004f02be004f01be004f00be003600f9004b
:100c50000040060061608000628380000200e000c6
:100c60000200320060002000020001000b68a900b1
:100c70000b88ab00deff3200e6ff37009161800099
:100c8000628380000200e000020032005000200079
:100c9000020001000dc8a9000b68ab00d2ff3200b2
:100ca000ecff370051618000628380000200e000a9
:100cb0000200320040002000020001000d48a9009f
:100cc0000dc8ab00c6ff3200ecff37004161800069
:100cd000628380000200e000020032003000200049
:100ce000020001000d28a9000d48ab00baff320038
:100cf000ecff3700f1608000628380000200e000ba
:100d00000200320010002000020001000c88a9003f
:100d10000ca8ab00acff3200016180006283800050
:100d20000200e0000200320020002000020001006a
:100d30000ca8a9000d28ab00a5ff3200e3ff370087
:100d400081608000628380000200e00002003200c7
:100d50000000eb00020001000ba8a9000c88ab000a
:100d600097ff3200e3ff37003600f800809fbe0097
:100d7000829fbe00849fbe00869fbe003200f800a6
:100d80003400f80010002000a0018800002020009e
:100d900000d0fe0081608000628380000200e000dd
:100da000020032000000eb00020001000ba8a900c5
:100db0003400f9003200f9004f03be004f02be00bc
:100dc0004f01be004f00be003600f9000040060093
:100dd0003600f800809fbe00829fbe00849fbe0048
:100de000869fbe003200f8003400f800100020009a
:100df000a00188000020200000d0fe00f1608000eb
:100e0000628380000200e000020032001000200037
:100e1000020001000c88a9003400f9003200f9003a
:100e20004f03be004f02be004f01be004f00be0088
:100e30003600f900004006003600f800809fbe0032
:100e4000829fbe00849fbe00869fbe003200f800d5
:100e50003400f80010002000a001880000202000cd
:100e600000d0fe0001618000628380000200e0008b
:100e70000200320020002000020001000ca8a9009e
:100e80003400f9003200f9004f03be004f02be00eb
:100e90004f01be004f00be003600f90000400600c2
:100ea0003600f800809fbe00829fbe00849fbe0077
:100eb000869fbe003200f8003400f80010002000c9
:100ec000a00188000020200000d0fe0041618000c9
:100ed000628380000200e000020032003000200047
:100ee000020001000d28a9003400f9003200f900c9
:100ef0004f03be004f02be004f01be004f00be00b8
:100f00003600f900004006003600f800809fbe0061
:100f1000829fbe00849fbe00869fbe003200f80004
:100f20003400f80010002000a001880000202000fc
:100f300000d0fe0051618000628380000200e0006a
:100f40000200320040002000020001000d48a9000c
:100f50003400f9003200f9004f03be004f02be001a
:100f60004f01be004f00be003600f90000400600f1
:100f70003600f800809fbe00829fbe00849fbe00a6
:100f8000869fbe003200f8003400f80010002000f8
:100f9000a00188000020200000d0fe0091618000a8
:100fa000628380000200e000020032005000200056
:100fb000020001000dc8a9003400f9003200f90058
:100fc0004f03be004f02be004f01be004f00be00e7
:100fd0003600f900004006003600f800809fbe0091
:100fe000829fbe00849fbe00869fbe003200f80034
:100ff0003400f80010002000a0018800002020002c
:1010000000d0fe0061608000628380000200e0008a
:101010000200320060002000020001000b68a900fd
:101020003400f9003200f9004f03be004f02be0049
:101030004f01be004f00be003600f9000040060020
:101040003600f800809fbe00829fbe00849fbe00d5
:10105000869fbe003200f8003400f8001000200027
:10106000a00188000020200000d0fe0071608000f8
:10107000628380000200e000020032007000200065
:10108000020001000b88a9003400f9003200f900c9
:101090004f03be004f02be004f01be004f00be0016
:1010a0003600f900004006003600f800809fbe00c0
:1010b000829fbe00849fbe00869fbe00ddc5ab0040
:1010c00007003a000328a9004f03be004f02be00ec
:1010d0004f01be004f00be003600f9000040060080
:1010e000108180000000e0000100320000000100db
:1010f000ddc5a9000328a9004f03be004f02be00b2
:101100004f01be004f00be003600f900004006004f
:101110003600f800809fbe00829fbe00849fbe0004
:10112000869fbe00c08380000000e0000100320006
:101130000000010009e8a9004f03be004f02be00f5
:101140004f01be004f00be003600f900004006000f
:101150003600f800809fbe00829fbe00849fbe00c4
:10116000869fbe00408280000000e0000100320047
:101170000000010005a8a9004f03be004f02be00f9
:101180004f01be004f00be003600f90000400600cf
:101190003600f800809fbe00829fbe00849fbe0084
:1011a000869fbe00c068a9002000200039240700e7
:1011b0004f03be004f02be004f01be004f00be00f5
:1011c0003600f900004006003600f800809fbe009f
:1011d000829fbe00849fbe00869fbe00c608a900f5
:1011e000700020002b2407004f03be004f02be00fa
:1011f0004f01be004f00be003600f900004006005f
:101200003600f800809fbe00829fbe00849fbe0013
:10121000869fbe00c488ab0009003a00c4a8ab009a
:101220001d003a00c508ab0015003a00c528ab0008
:101230000d003a00c408ab0007003a00ffff37007a
:10124000c488a900a000200012240700c4a8ab0095
:10125000f4ff320010003700c408a900b0002000dd
:101260000c240700f5ff3700c528a900d000200096
:1012700008240700c408ab00f0ff3200f6ff370077
:10128000c508a900c000200002240700c528ab0043
:10129000e8ff3200f4ff3700c4a8a9009000200046
:1012a000fc230700c508ab00e0ff3200f4ff370065
:1012b0003600f800809fbe00829fbe00849fbe0063
:1012c000869fbe00c028a9000000eb00f1230700a4
:1012d0004f03be004f02be004f01be004f00be00d4
:1012e0003600f900004006003600f800809fbe007e
:1012f000829fbe00849fbe00869fbe00c088a9005a
:1013000030002000e32307004f03be004f02be0061
:101310004f01be004f00be003600f900004006003d
:101320003600f800809fbe00829fbe00849fbe00f2
:10133000869fbe00e0702100800778006072210067
:1013400000018800c048a90010002000d123070038
:101350004f03be004f02be004f01be004f00be0053
:101360003600f900004006003600f800809fbe00fd
:10137000829fbe00849fbe00869fbe0000848000c6
:10138000000001000028a9004f03be004f02be006c
:101390004f01be004f00be003600f90000400600bd
:1013a0003600f800809fbe00829fbe00849fbe0072
:1013b000869fbe00881f78003200f8003400f800d5
:1013c00010002000a00188000020200000d0fe00b6
:1013d0005bcea800588480006060800040149800b4
:1013e0007160800061149800a01720000800400080
:1013f000109840000001eb0010104900e017200099
:10140000080040001008e80071608000e01820002b
:1014100008004000d01f0700608c9900642007007e
:1014200008cba800cd1d070050848000100090005c
:10143000e10f50000c003e003a1c07005bcea900f3
:101440000b68a9003400f9003200f9004f0478005d
:101450004f03be004f02be004f01be004f00be0052
:101460003600f900004006008d2307002d1c070000
:101470005bcea9000b68a9003400f9003200f90026
:101480004f0478004f03be004f02be004f01be0064
:101490004f00be003600f900004006000040da00b0
:1014a0000000fe0000000500f4ff2f00a902370035
:1014b0000001be001b0007000470a70003f0a1009c
:1014c00003f8a30013003a006509b10010003200d0
:1014d000090035006928e1000200350001002800fc
:1014e0000000050000004000818048008502e900fe
:1014f000fcff3a0000000600f88f420005003500ae
:101500008100d1000080d3008502e800fcff3a0092
:10151000000006008000eb00000005006011b8002c
:10152000a7023700c70ade00f107b200f50fb200cc
:1015300008003200e1cf4200020032000170a0003a
:1015400024000500810f700001003200040805002e
:1015500044000500810f700002003a0014000500ed
:101560008502e9000000400081c04800fcff3b000c
:101570000170a000240005006022b80006022000cf
:101580000000d0008180d2000482d2008582d20087
:101590000000a0000202520083825a0003003100c2
:1015a0000202420083824a000000a1000603e90013
:1015b000f3ff3a0000000600889fbe008a9fbe002d
:1015c0008c9fbe001b0020000202be000586680042
:1015d00006002800060666004709de00f20fb2008a
:1015e000820032000243e80080003200c729de009a
:1015f000f30fb2007d0032000343e8007b003200ad
:10160000f107b2000170a000f507b2000570a0005c
:10161000c708dd004903de00868070004700dd005a
:10162000c72add004923de00868272004722dd00e2
:101630000305510004035000858358000300310066
:1016400000004000818048000a05e9008c1f7800f6
:101650008a9fbe00040050008580580004024200aa
:1016600085824a0000004000818048000005eb00b0
:101670000004be006033b8000406be000d48e1005f
:1016800056003100050009004dccd8000c01b8000f
:101690000d02b8008481410060824a0082835300b9
:1016a00003045c0084845c0060055d000a00e000c7
:1016b00025003a00800578000d40e1004900310026
:1016c0008800780007007800050009004d88d800e0
:1016d0000c01b8000d02b8008481410060824a000c
:1016e0006003110083835b0004045c00e0845c0001
:1016f0000900e00021003a004f01be000300e000b5
:101700002b003200e3016000070673008c8171003a
:1017100001003200640070004200de004e5edd0019
:101720000c007000c258de0001e0a0008301070039
:10173000cf017800818071004f06be004f05be00ca
:101740004f04be00000006008c8343000d044c00d3
:10175000e0844c0060054d000000e9000a00e00054
:10176000d4ff32008c8343000d044c00e0844c0015
:1017700060054d000000e900ceff37000c03430078
:101780008d834b0060044c00e0844c000000e900b5
:101790000900e000d8ff32000c0343008d834b00aa
:1017a00060044c00e0844c000000e900d2ff3700e8
:1017b0004200de004e5edd000c007000c258de000c
:1017c00001e0a000cf0178000300e000daff320062
:1017d00060001000e0801800d7ff3700f0ff2f00f6
:1017e000aaff3700f0ff2f00b9ff37000404be0046
:1017f0002f010700870678000004fd008104fd002a
:101800002b010700078366000678a300030032005f
:101810000960a7000800be002c0037000d78a30067
:10182000020032000800be00280037000778a3003d
:1018300026003a0001f0a10009f0a1000668a3000b
:1018400003003200f1ff2700f0ff2f00baff37003e
:101850000d68a300030032000800be008c807000f9
:10186000b5ff37000768a30007003a000648a30049
:1018700003003200f1ff2700f0ff2f00aeff37001a
:101880000d48a300030032006000b8008c80700097
:10189000a9ff37000748a3000400320001f8270021
:1018a000000020008c807000a3ff37007601070045
:1018b0000004fd008104fd000205780072010700ac
:1018c0000802be008a01780059ff37000160a000bd
:1018d000120220008284880097ff37000100e00098
:1018e000120032000500e00010003200889fbe00a8
:1018f0008a9fbe008c9fbe000006eb0001f8a3008b
:101900000300320060001000e08018000cf0a0001e
:1019100005f8a3000300320060021200e0821a0002
:101920000cf0a2008005eb0041ff37006000b8001a
:101930000200050003836800070028000703630016
:10194000470ade000480a100c71ade000580a1005e
:10195000f70f20000720e100420032000728e100d5
:1019600040003200889fbe008a9fbe008c1f780016
:10197000f107b200f307b2000400e0006400320097
:101980000170a0000500e000680032000370a000b4
:1019900085054200eb07b1000204b8000302b8005d
:1019a0008484440060854a00020ab80084844400ac
:1019b0000a854a00030ab800040545000400330004
:1019c0000804d0008984d2000a85d2008b05e90082
:1019d0006158e1003d00350002102000090161005e
:1019e0000308200089816100f707200087836400d5
:1019f00008867300c84cde00c853dd00878474007d
:101a00004855de000300e000060032008203760045
:101a1000040032008904e80060054d000a88a30034
:101a20000c003a00f70f20000758e10044003d0089
:101a30000a70a100c75ddd000a8575008a00730089
:101a4000090078004f0678004f05be004f04be0025
:101a5000000006000a05d1008984d3008b05e80048
:101a6000f0ff3700881f7800060478009000070018
:101a7000070278000001fd008101fd008c000700d5
:101a800087027800850372000778a3000500320002
:101a90000001fd008101fd009f0007004f04780058
:101aa00000000600850372000748a300030032000f
:101ab000f0ff2f00f1ff2700f8ff370000002000a3
:101ac00001f8270088807000f4ff37008801780053
:101ad0004848dd00808171004848de00c850dd00c4
:101ae00001007000c850de00060478000b01780089
:101af0001600070088807000d2ff37000500e00064
:101b000005003200170020003a0007009dff370053
:101b100081037000f9ff3a00860078004f067800d4
:101b20004f05be004f04be00000005008303710096
:101b3000f9ff3200270020002e00070094ff370035
:101b400001f8270086807000f4ff37000100e000f4
:101b500026003200610111007810e10023003c00f2
:101b60006022b8007010e1000400350080027800a7
:101b7000010078008000eb00700151000200e000dd
:101b80000900340070031100062add00822ade00fd
:101b90008603dd00878272000200de00860bdd0016
:101ba000070070008208de0084817100f4ff2700c6
:101bb0000482620084817100040028008482620033
:101bc0006102600005f0a6000000060004827100ba
:101bd000070032000000e800e08048000000060036
:101be0000002be006000b800efff37006000b800e0
:101bf00000000600889fbe000004eb006138e10091
:101c000016003a000100e00008003a00c800de00bb
:101c10004800dd00880020000100e00003003a00d9
:101c2000c800de004800dd00680444008184cf0065
:101c3000e9845400060034008908dd00f0831400b4
:101c40008703de00878070000900dd00090444007e
:101c5000610214004f04be00000006000300e00013
:101c600008003a00c811de004811dd00880020009d
:101c70000300e00003003a00c811de004811dd0057
:101c8000680444008384cf00e984540006003400d3
:101c90008919dd00f08314008713de00878171004d
:101ca0000911dd0009044400e1021400e9ff3700d6
:101cb0002700200001f0a70017002000470bde00de
:101cc000f60fb200040032000643e8000a003200ba
:101cd0004702b3000000060001037800f607b200d7
:101ce0000603700002003a000703b300000006007c
:101cf0008702b3000000060001037800f607b20077
:101d000006037000020032000770a0000000060009
:101d10000760a000000006000478a3000400320061
:101d20000578a300030032000168a30001003a0017
:101d30000200be000160a0000000060081017000ea
:101d4000270032008002eb0001f8a30003003200fc
:101d500060001000e080180015002000f40720004b
:101d60000202420020003400f703200087036000d5
:101d70000604200000036300020820000001610047
:101d80004700de00c909dd0000807100c708de00e1
:101d90000600e000080032008703710006003200f0
:101da0001000b0000180b0000188a30002003200e2
:101db000c108de000402e800f107b200f30f2000c2
:101dc0000320e10003003d004722dd008100720096
:101dd0002900370001f827000000eb00260037003b
:101de0006000b80000000600680212007f20e100d9
:101df000020034006000b8001f0037006011b80016
:101e00007020e100040035008001780001007800b6
:101e10008000eb00700252000400e0000900340072
:101e2000f00312000719dd008419de000703dd004e
:101e3000868171000400de00070bdd0006007000e3
:101e40008408de00f7ff27008383630087037100a7
:101e50000600280003036300070032000700e000cb
:101e600003003a0061016000028173000200320049
:101e70001000b0000180b0000500a60000000600c0
:101e800001f0a000000006004f0ade004709de0056
:101e9000f107b200f20fb2000b003200f207b100fe
:101ea0000170a000c708dd00c901de00838070005a
:101eb0004700dd000400a6000000060060001000de
:101ec000e080180000000600810f700001003a0059
:101ed000000006008182cf000500e00010003e00f7
:101ee0008082cf00ee8242007028e10004003900b9
:101ef00007003e00800078000000eb000e00370075
:101f0000708312008600de000500dd000a00370045
:101f1000708352008600dd000000eb0006003700f1
:101f2000e28252008508dd00708312000603de00a5
:101f3000868070000500dd007507b0000501ea002d
:101f40000400a6000000060060001000e0801800f9
:101f500000000600889fbe008a9fbe00841f780094
:101f60006c0007004f00780011003300f0ff2f00d5
:101f7000838f6c0006003b00040565000a00a70083
:101f80000800370009f0a600100020000800370004
:101f9000820f5400838f5c00030039001000200082
:101fa00001003e000000200009f0a7000000ea0048
:101fb0004f05be004f04be000000e0000000060018
:101fc000889fbe008a9fbe000082700004027100dc
:101fd00004827100260032000004be000200be0030
:101fe0006011b8006b092000950220000182cf002b
:101ff0000a0039000541b1000082cf000700390016
:102000000541b1000982cf00040039000541b1004b
:102010000882cf00010039000541b100054252009d
:10202000120032000a003b008281710061016400ed
:102030008100d1000080d3008984d3000884d300bc
:102040008b05e8000442e800f7ff3a00070037007c
:102050000804440089844c00000048008180480046
:102060008b05e9000442e900f9ff3a00030007008c
:102070004f05be004f04be00000006008100200096
:10208000618055000b003d000b00200061fe2f0019
:102090000100e1001d0034008281710061016400d3
:1020a0008904d1000884d3000000e800faff3a0058
:1020b00071002000610064000300700002006000f5
:1020c0000900320061044400e0844c000988a50046
:1020d000050032008b05e8006808e10002003a00c4
:1020e0008904d1000884d300f20f20000258e100d7
:1020f00005003d00c75ddd00f907b200898075006d
:1021000008007800000006000bf827008b0078001c
:10211000000005000004be0002fd07000003be0031
:102120000405be000200be00fefc0700844f7500df
:10213000000006008001e90002814000828f50000b
:1021400001003a0000000600b1697800fbff37008b
:020000040000fa
:1021500046690000726d0000776100007265000042
:102160002056000065720000736900006f6e000069
:10217000203100002e3000002e3000002e300000f4
:102180002e2e00002e2e00002e2e00002e2e0000df
:102190002e2e00002e2e00002e2e00002e2e0000cf
:1021a0002e2e00002e2e00002e2e00002e2e0000bf
:1021b0002e2e00002e2e00002e2e00002e2e0000af
:1021c0002e2e00002e2e00002e2e00002e210000ac
:1021d000004c00006f670000204d00006573000098
:1021e000736100006765000020460000726f000008
:1021f0006d200000507200006f7400006f630000db
:102200006f6c00002049000044200000307800007e
:1022100033300000302e00002e2e00002e2e000045
:102220002e2e00002e2e00002e2e00002e2e00003e
:102230002e2e00002e2e00002e2e00002e2e00002e
:102240002e2e00002e2e00002e2e00002e2e00001e
:102250000d000000361600005c170000fc120000a4
:10226000f2120000061300000a1300000e13000013
:1022700012130000cc1800003a1300006213000093
:1022800092130000ba1300004a1900009a190000c6
:10229000ea13000018140000401400006814000045
:1022a00090140000b8140000e014000008150000ad
:1022b00038150000ea190000a21a0000121c0000e4
:1022c0005a1b000000000000000000000000000099
:1022d000000000000000000000000000ca12000022
:1022e000a2120000c81e0000be150000e615000086
:1022f00060150000881500000e160000e01c0000ac
:102300005a1d0000d41d00004e1e00006818000079
:102310000000000072180000000000000001000032
:10232000020300000405000006070000080c00007e
:10233000101400001820000030400000aa24000003
:10234000582200003a220000f01e0000c0220000c7
:10235000b21f0000d022000046260000c81f000067
:10236000d01f00009a2400005225000040210000e8
:10237000ba1f0000c21f00008a240000f81e0000df
:102380009c1f0000d81f0000e21f0000ea1f000091
:10239000f21f0000fa1f0000022000000a200000c7
:1023a00012200000ee2a00007028000054260000d1
:1023b000582600005c26000060260000642600000d
:1023c00066260000a826000000270000262700003f
:1023d0002a2700002e27000032270000302a0000a4
:1023e000e62b0000f49100003a2a0000ea2a0000df
:1023f000442a000000000000382700008a2700005f
:10240000dc2700001e280000f82b00003029000007
:102410003a290000ac3f0000c83f0000da3f00004e
:10242000f43f0000fe3f00000640000014400000a2
:1024300022400000264000000000000000000000d4
:102440002a400000424000004a400000a84000002e
:10245000b0400000c2400000204100005240000097
:10246000000000000000000000000000000000006c
:1024700000000000000000006a300000a4300000ee
:10248000b43000000031000022310000683100004b
:10249000d03300001a330000463300009a330000a6
:1024a0005e31000076310000ee4d00001a4e000053
:1024b000424e0000464e00003a4e0000584e0000ca
:1024c00000000000649200004a4e00004e4e0000e2
:1024d000524e00007a4c0000a24c0000c64c000096
:1024e000ca4c0000be4c0000dc4c0000e64c000072
:1024f0007a920000ce4c0000d24c0000d64c000076
:10250000f64f00000a500000165000001e50000058
:1025100024500000ea4f0000f04f00002850000057
:102520002e50000000000000a8370000c237000055
:10253000ea370000d8370000fc3700002e3a0000d0
:042540003e3a00001f
:020000040000fa
:10254400e20f500010003200e20f50000600360087
:10255400e30f50000a003200e40f500006003a0076
:10256400cde3a80000000600e10f500003003a008c
:102574002be3a8000000060000000600000006008f
:1025840097e3a8000000060061e3a800000006002d
:10259400e20f500010003200e20f50000600360037
:1025a400e30f50000a003200e40f500006003a0026
:1025b400cde3a90000000600e10f500003003a003b
:1025c4002be3a9000000060000000600000006003e
:1025d40097e3a9000000060061e3a90000000600db
:1025e4002be3a80061e3a80097e3a800cde3a800cb
:1025f400000006002be3a90061e3a90097e3a9000a
:10260400cde3a90000000600501888000000060071
:1026140040188800000006003018880000000600fa
:10262400e20f500010003200e20f500006003600a6
:10263400e30f50000a003200e40f500006003a0095
:10264400a11f880000000600e10f500003003a00bb
:10265400911a880000000600000006000000060031
:10266400f11d880000000600411c880000000600df
:10267400e20f500010003200e20f50000600360056
:10268400e30f50000a003200e40f500006003a0045
:10269400811f880000000600e10f500003003a008b
:1026a400711a880000000600000006000000060001
:1026b400d11d880000000600211c880000000600cf
:1026c400e20f500013003200e20f50000700360002
:1026d400e30f50000c003200e40f500008003a00f1
:1026e400dd210a00ce03000000000600e10f5000c7
:1026f40004003a00dd210a002c030000000006005b
:102704000000060000000600dd210a009803000016
:1027140000000600dd210a0062030000000006003c
:10272400e20f500010003200e20f500006003600a5
:10273400e30f50000a003200e40f500006003a0094
:10274400711f880000000600e10f500003003a00ea
:10275400611a880000000600000006000000060060
:10276400c11d880000000600111c8800000006003e
:10277400e20f500013003200e20f50000700360051
:10278400e30f50000c003200e40f500008003a0040
:10279400ba210a00d203000000000600e10f500035
:1027a40004003a00ba210a003003000000000600c9
:1027b4000000060000000600ba210a009c03000085
:1027c40000000600ba210a006603000000000600ab
:1027d400e20f50000f003200e20f500007003600f5
:1027e400e30f50000e003200e40f500008003a00de
:1027f400baa00a00d203000000000600e10f500056
:1028040003003a00baa00a003003000000000600ea
:1028140000000500baa00a006603000000000600dc
:10282400baa00a009c03000000000600e20f50005a
:1028340010003200e20f500006003600e30f500093
:102844000a003200e40f500006003a00d3a3a800a7
:1028540000000600e10f500003003a0031a3a80075
:102864000000060000000600000006009da3a8006a
:102874000000060067a3a80000000600e20f500055
:1028840010003200e20f500006003600e30f500043
:102894000a003200e40f500006003a00d383a80077
:1028a40000000600e10f500003003a003183a80045
:1028b4000000060000000600000006009d83a8003a
:1028c400000006006783a80000000600e20f500025
:1028d40010003200e20f500006003600e30f5000f3
:1028e4000a003200e40f500006003a00d3a3a90006
:1028f40000000600e10f500003003a0031a3a900d4
:102904000000060000000600000006009da3a900c8
:102914000000060067a3a90000000600e20f5000b3
:1029240010003200e20f500006003600e30f5000a2
:102934000a003200e40f500006003a00d383a900d5
:1029440000000600e10f500003003a003183a900a3
:102954000000060000000600000006009d83a90098
:10296400000006006783a90000000600e20f500083
:1029740010003200e20f500006003600e30f500052
:102984000a003200e40f500006003a00e11f8800fc
:1029940000000600e10f500003003a00d11a88003d
:1029a400000006000000060000000600311e88003a
:1029b40000000600811c880000000600e20f5000a1
:1029c40010003200e20f500006003600e30f500002
:1029d4000a003200e40f500006003a00f11f88009c
:1029e40000000600e10f500003003a00e11a8800dd
:1029f400000006000000060000000600411e8800da
:102a040000000600911c880000000600e20f500040
:102a140013003200e20f500007003600e30f5000ad
:102a24000c003200e40f500008003a00e11f880057
:102a3400f11f880000000600e10f500004003a0076
:102a4400d11a8800e11a8800000006000000060080
:102a540000000600311e8800411e880000000600a8
:102a6400811c8800911c880000000600e20f5000c1
:102a740010003200e20f500006003600e30f500051
:102a84000a003200e40f500006003a00b11f88002b
:102a940000000600e10f500003003a00a11a88006c
:102aa400000006000000060000000600011e880069
:102ab40000000600511c880000000600e20f5000d0
:102ac40010003200e20f500006003600e30f500001
:102ad4000a003200e40f500006003a00d063a80058
:102ae40000000600e10f500003003a002e63a80026
:102af4000000060000000600000006009a63a8001b
:102b0400000006006463a80000000600e20f500005
:102b140011003200e20f500008003600e30f5000ad
:102b240011003200e40f50000a003a00801e8000b9
:102b34004400de006140600000000600e10f500028
:102b440004003a00701980004400de006140600017
:102b54000000060000000500201b80004400de0089
:102b64006140600000000600d01c80004400de00cc
:102b74006140600000000600e20f500010003200c7
:102b8400e20f500006003600e30f50000a00320046
:102b9400e40f500006003a00c11f88000000060040
:102ba400e10f500003003a00b11a8800000006004b
:102bb4000000060000000600111e88000000060048
:102bc400611c880000000600e20f50001000320073
:102bd400e20f500006003600e30f50000a003200f6
:102be400e40f500006003a00d11f880000000600e0
:102bf400e10f500003003a00c11a880000000600eb
:102c04000000060000000600211e880000000600e7
:102c1400711c880000000600e20f50001000320012
:102c2400e20f500006003600e30f50000a003200a5
:102c3400e40f500006003a00dae3a80000000600a2
:102c4400e10f500003003a0038e3a800000006003a
:102c54000000060000000600a4e3a800000006002f
:102c64006ee3a800000006008008200050198800c8
:102c7400001b8800b01c8800601e88005e23ef00e3
:102c84003e23ef003c23ef002c23ef0006e2240058
:102c9400761a88005023ef0080252000e01a88006f
:102ca400d01a880001042000b11988009111200075
:102cb400a11988004223ef004023ef003a23ef00dc
:102cc4003823ef00c200200092198800052020005c
:102cd400851988004a23ef004823ef0081c32900a7
:102ce400911a88004c23ef004623ef004423ef00a1
:102cf4002e23ef005423ef005623ef005823ef0058
:102d04009423ef007423ef007223ef0033002000bc
:102d1400131b88008423ef008623ef00901c880097
:102d2400801c88006c23ef0083002000531b880064
:102d34007823ef007623ef007023ef006e23ef007b
:102d4400421b880004202200341b88008023ef00eb
:102d54007e23ef00411c88008223ef007c23ef00d8
:102d64007a23ef006423ef008a23ef008c23ef0023
:102d74008e23ef00ca23ef00aa23ef00a823ef005d
:102d840013002000c31c8800d61d8800bc23ef005c
:102d9400401e8800301e8800a223ef009601200008
:102da400061d8800ae23ef00ac23ef00a623ef003e
:102db400a423ef00f21c8800e51c8800b623ef0072
:102dc400b423ef00f11d8800b823ef00b223ef0015
:102dd400b023ef009a23ef00c023ef00c223ef00db
:102de400c423ef000024ef00e023ef00de23ef0014
:102df400731e8800f023ef00f223ef00f01f880019
:102e0400e01f8800d823ef0080012000b01e880056
:102e1400e423ef00e223ef00dc23ef00da23ef00ea
:102e2400a21e8800941e8800ec23ef00ea23ef0022
:102e3400a11f8800ee23ef00e823ef00e623ef0054
:102e4400d023ef00f623ef00f823ef00fa23ef007e
:102e54001023ef000e23ef000223ef000423ef0002
:102e64000c23ef001223ef001423ef001623ef00ce
:102e74001823ef001a23ef001c23ef000823ef00b0
:102e840000012000501888000623ef000318880072
:102e94001e23ef002023ef002223ef002423ef0062
:102ea4002623ef002823ef0000872100f083880009
:102eb400000006002be3a90061e3a90097e3a90041
:102ec400cde3a9002a23ef006023ef009623ef004f
:102ed400cc23ef005e23ef003e23ef003c23ef0002
:102ee4002c23ef004e23ef005023ef005c23ef0070
:102ef4005a23ef003623ef003423ef004223ef0080
:102f04004023ef003a23ef003823ef003223ef0091
:102f14003023ef004a23ef004823ef005223ef0051
:102f24004c23ef004623ef004423ef002e23ef0051
:102f34005423ef005623ef005823ef009423ef00af
:102f44007423ef007223ef006223ef008423ef0069
:102f54008623ef009223ef009023ef006c23ef0011
:102f64006a23ef007823ef007623ef007023ef004d
:102f74006e23ef006823ef006623ef008023ef0049
:102f84007e23ef008823ef008223ef007c23ef00f1
:102f94007a23ef006423ef008a23ef008c23ef00f1
:102fa4008e23ef00ca23ef00aa23ef00a823ef002b
:102fb4009823ef00ba23ef00bc23ef00c823ef00ef
:102fc400c623ef00a223ef00a023ef00ae23ef00ff
:102fd400ac23ef00a623ef00a423ef009e23ef0011
:102fe4009c23ef00b623ef00b423ef00be23ef00d1
:102ff400b823ef00b223ef00b023ef009a23ef00d1
:10300400c023ef00c223ef00c423ef000024ef002d
:10301400e023ef00de23ef00ce23ef00f023ef00e8
:10302400f223ef00fe23ef00fc23ef00d823ef0090
:10303400d623ef00e423ef00e223ef00dc23ef00cc
:10304400da23ef00d423ef00d223ef00ec23ef00c8
:10305400ea23ef00f423ef00ee23ef00e823ef0070
:10306400e623ef00d023ef00f623ef00f823ef0070
:10307400fa23ef001023ef000e23ef000223ef00ea
:103084000423ef000c23ef001223ef001423ef00be
:103094001623ef001823ef001a23ef001c23ef0080
:1030a4000823ef000a23ef000623ef000023ef00bc
:1030b4001e23ef002023ef002223ef002423ef0040
:1030c4002623ef002823ef00000006000000e000a4
:1030d40001003200f08388000000060000000600b2
:1030e400e20f50001d003200e20f500007003600ce
:1030f400e30f500011003200e40f50000e003a00bc
:1031040008c8ab001d003a0000000600e10f5000a3
:1031140008003a000868ab00fbff3200f18380002e
:103124000100e00001003200010001000868a9006c
:1031340000000600000006000000060008a8ab001e
:10314400f1ff3200f18380000100e0000100320051
:103154000100010008a8a900000006000888ab00cf
:10316400e9ff3200f18380000100e0000100320039
:10317400010001000888a90000000600f183800016
:103184000100e000010032000100010008c8a900ac
:1031940000000600e20f500025003200e20f50004c
:1031a4000d003600e30f500018003200e40f500009
:1031b40015003a0020210a00cc030000e28f5000e1
:1031c4002c003200a01e800054400a0000000000c1
:1031d400a01e880000000600e10f500009003a001c
:1031e40020210a002a030000e28f5000250032004b
:1031f4009019800054400a000000000090198800d3
:1032040000000600000006000000060020210a005d
:1032140096030000e28f500012003200f01c800080
:1032240054400a0000000000f01c88000000060062
:1032340020210a0060030000e28f500005003200e4
:10324400401b800054400a0000000000401b88001e
:10325400000006001000200054200a00680300004b
:10326400000006001000200054200a009e03000005
:10327400000006001000200054200a00d4030000bf
:103284000000060054200a0032030000000006007b
:10329400e20f50001f003200e20f50000b00360016
:1032a400e30f500014003200e40f500010003a0005
:1032b400aaa00a00d20300008140d00080c07000a0
:1032c400ba210a00d203000000000600e10f5000fa
:1032d40008003a00aaa00a00300300008140d00090
:1032e40080c07000ba210a0030030000000006000c
:1032f4000000060000000600aaa00a009c030000cb
:103304008140d00080c07000ba210a009c030000f4
:1033140000000600aaa00a00660300008140d00055
:1033240080c07000ba210a00660300000000060095
:10333400e20f50001f003200e20f50000b00360075
:10334400e30f500014003200e40f500010003a0064
:10335400baa00a00d20300006240600081407000fd
:10336400ba210a00d203000000000600e10f500059
:1033740008003a00baa00a0030030000624060006e
:1033840081407000ba210a003003000000000600ea
:103394000000060000000600baa00a009c0300001a
:1033a4006240600081407000ba210a009c03000062
:1033b40000000600baa00a00660300006240600034
:1033c40081407000ba210a00660300000000060074
:1033d400e20f500030003200e20f50000e003600c1
:1033e400e30f50001a003200e40f500017003a00b7
:1033f400e28f500044003200e28f5000300036006b
:10340400e38f50004a003200e48f500036003a0047
:10341400d983a80000000600e10f50000a003a001a
:10342400e28f500036003200e28f50001200360066
:10343400e38f500036003200e48f500028003a0039
:103444003783a80000000600000006000000060004
:10345400e28f500034003200e28f50000a00360040
:10346400e38f50002e003200e48f500020003a0019
:10347400a383a80000000600e18f50001d003a005d
:1034840037e3a80000000600e18f500017003a005f
:10349400a3e3a80000000600e28f500026003200db
:1034a400e28f50000a003600e38f50001a00320009
:1034b400e48f500010003a006d83a800000006005d
:1034c400e18f50000d003a00d9e3a8000000060087
:1034d400e18f500003003a006de3a80000000600ed
:1034e40000000600000006000000060000000600c0
:1034f40000000600000006000000060000000600b0
:1035040037c3a80000000600d9c3a80000000600c5
:1035140037a3a800000006006da3a8000000060061
:10352400a3a3a80000000600a3c3a800000006008f
:10353400d9a3a800000006006dc3a800000006007f
:10354400e20f500030003200e20f50000e0036004f
:10355400e30f50001a003200e40f500017003a0045
:10356400e28f500044003200e28f500030003600f9
:10357400e38f50004a003200e48f500036003a00d6
:10358400d983a90000000600e10f50000a003a00a8
:10359400e28f500036003200e28f500012003600f5
:1035a400e38f500036003200e48f500028003a00c8
:1035b4003783a90000000600000006000000060092
:1035c400e28f500034003200e28f50000a003600cf
:1035d400e38f50002e003200e48f500020003a00a8
:1035e400a383a90000000600e18f50001d003a00eb
:1035f40037e3a90000000600e18f500017003a00ed
:10360400a3e3a90000000600e28f50002600320068
:10361400e28f50000a003600e38f50001a00320097
:10362400e48f500010003a006d83a90000000600ea
:10363400e18f50000d003a00d9e3a9000000060014
:10364400e18f500003003a006de3a900000006007a
:10365400000006000000060000000600000006004e
:10366400000006000000060000000600000006003e
:1036740037c3a90000000600d9c3a9000000060052
:1036840037a3a900000006006da3a90000000600ee
:10369400a3a3a90000000600a3c3a900000006001c
:1036a400d9a3a900000006006dc3a900000006000c
:1036b400e20f500030003200e20f50000e003600de
:1036c400e30f50001a003200e40f500017003a00d4
:1036d400e28f500044003200e28f50003000360088
:1036e400e38f50004a003200e48f500036003a0065
:1036f400d1e3a90000000600e10f50000a003a00df
:10370400e28f500036003200e28f50001200360083
:10371400e38f500036003200e48f500028003a0056
:103724002fe3a900000006000000060000000600c8
:10373400e28f500034003200e28f50000a0036005d
:10374400e38f50002e003200e48f500020003a0036
:103754009be3a90000000600e18f50001d003a0021
:103764002fc3a90000000600e18f500017003a00a3
:103774009bc3a90000000600e28f5000260032001f
:10378400e28f50000a003600e38f50001a00320026
:10379400e48f500010003a0065e3a9000000060021
:1037a400e18f50000d003a00d1c3a90000000600cb
:1037b400e18f500003003a0065c3a9000000060031
:1037c40000000600000006000000060000000600dd
:1037d40000000600000006000000060000000600cd
:1037e4002fa3a90000000600d1a3a9000000060031
:1037f4002f83a900000006006583a90000000600cd
:103804009b83a900000006009ba3a90000000600fa
:10381400d183a9000000060065a3a90000000600ea
:10382400e20f500026003200e20f50001000360074
:10383400e30f50002e003200e40f50001a003a004b
:10384400e28f500045003200e28f5000170036002e
:10385400e38f500047003200e48f500012003a001a
:10386400801e8000ff800a000000000000000600a7
:10387400e10f50000c003a00e28f50003a00320091
:10388400e28f500026003600e38f50003f003200e4
:10389400e48f500004003a0070198000ff800a0091
:1038a400000000000000060000000500e18f500049
:1038b400fdff3a00eea00a00d0030000000006005d
:1038c400e28f500034003200e28f500019003600bd
:1038d400e38f500033003200e48f5000f2ff3a00cf
:1038e400201b8000ff800a0000000000000006008a
:1038f400e28f50002e003200e28f5000120036009a
:10390400e38f50001e003200e48f5000e6ff3a00bf
:10391400d01c8000ff800a000000000000000600a8
:10392400e18f5000e0ff3a00eea00a002e030000f1
:1039340000000600e18f5000dbff3a00eea00a0011
:103944006403000000000600e18f5000d6ff3a0037
:10395400eea00a009a03000000000600dda00a00a1
:10396400d003000000000600dda00a002e030000c2
:1039740000000600cca00a00d003000000000600ee
:10398400cca00a009a03000000000600cca00a00a4
:103994002e03000000000600dda00a0064030000fe
:1039a40000000600cca00a0064030000000006002a
:1039b400dda00a009a03000000000600e20f500098
:1039c40019003200e20f50000b003600e30f5000e4
:1039d4001d003200e40f500012003a00e28f500044
:1039e40031003200e38f500025003200e18f500097
:1039f4002100320000000600e10f500008003a00e8
:103a0400e28f500026003200e38f50001e00320087
:103a1400e18f5000f7ff3a003503a80000000600cc
:103a24000000060000000600e28f50001a00320079
:103a3400e38f50000e003200e18f5000edff3a009a
:103a44006b03a80000000600e28f50001000320053
:103a5400e38f500004003200e18f5000e5ff3a008c
:103a6400a103a80000000600a143a800000006006e
:103a74006b43a80000000600d703a800000006005e
:103a8400d743a800000006003543a8000000060044
:103a9400a123a800000006006b23a8000000060074
:103aa4003523a80000000600d723a8000000060064
:103ab400e20f500019003200e20f50000b003600f4
:103ac400e30f50001d003200e40f500012003a00d2
:103ad400e28f500031003200e38f500025003200a5
:103ae400e18f50002100320000000600e10f500079
:103af40008003a00e28f500026003200e38f5000a5
:103b04001e003200e18f5000f7ff3a003503a90090
:103b1400000006000000060000000600e28f5000ce
:103b24001a003200e38f50000e003200e18f500083
:103b3400edff3a006b03a90000000600e28f50007d
:103b440010003200e38f500004003200e18f500077
:103b5400e5ff3a00a103a90000000600a143a90063
:103b6400000006006b43a90000000600d703a9006b
:103b740000000600d743a900000006003543a90051
:103b840000000600a123a900000006006b23a90081
:103b9400000006003523a90000000600d723a90071
:103ba40000000600e20f500019003200e20f50003e
:103bb4000b003600e30f50001d003200e40f5000ec
:103bc40012003a00e28f500031003200e38f5000bf
:103bd40025003200e18f5000210032000000060071
:103be400e10f500008003a00e28f50002600320036
:103bf400e38f50001e003200e18f5000f7ff3a00bf
:103c040036a3a8000000060000000600000006001d
:103c1400e28f50001a003200e38f50000e00320091
:103c2400e18f5000edff3a006ca3a80000000600ed
:103c3400e28f500010003200e38f50000400320085
:103c4400e18f5000e5ff3a00a2a3a800000006009f
:103c5400a2e3a800000006006ce3a8000000060030
:103c6400d8a3a80000000600d8e3a80000000600be
:103c740036e3a80000000600a2c3a8000000060066
:103c84006cc3a8000000060036c3a80000000600ac
:103c9400d8c3a80000000600e20f5000190032004b
:103ca400e20f50000b003600e30f50001d003200fd
:103cb400e40f500012003a00e28f5000310032004d
:103cc400e38f500025003200e18f500021003200c4
:103cd40000000600e10f500008003a00e28f500097
:103ce40026003200e38f50001e003200e18f5000a6
:103cf400f7ff3a0036a3a900000006000000060002
:103d040000000600e28f50001a003200e38f5000da
:103d14000e003200e18f5000edff3a006ca3a900c1
:103d240000000600e28f500010003200e38f5000c4
:103d340004003200e18f5000e5ff3a00a2a3a9007d
:103d440000000600a2e3a900000006006ce3a9003d
:103d540000000600d8a3a90000000600d8e3a900cb
:103d64000000060036e3a90000000600a2c3a90073
:103d7400000006006cc3a9000000060036c3a900b9
:103d840000000600d8c3a90000000600e20f50009e
:103d940010003200e20f500006003600e30f50001e
:103da4000a003200e40f500006003a00b11f8800f8
:103db40000000600e10f500003003a00a11a880039
:103dc400000006000000060000000600011e880036
:103dd40000000600511c88000000060075a00a00bf
:103de400c20500000080fb0000000600881f780068
:103df4000001eb000040eb0005042100f60f200059
:103e04008003eb00c210dd00818042009100780045
:103e1400e1cf5000300032000104e00038003200ed
:103e2400e2cf50002c00320070400a000400000071
:103e3400f8400a000400000086806000e18f500012
:103e44002c003200e28f500017003a0063318000ea
:103e5400e9c161000308a300130032000338a30082
:103e640019003a00e18f50002f003200e28f500019
:103e740028003a00c8a10a002c060000c211dd0087
:103e84008381e800838142001384fb00810f540086
:103e94000a003600f8880a000400000013445400a5
:103ea40081404400014040000201e800e20f51005b
:103eb400d4ff3a004f047800000006001384fb008e
:103ec400810f540015003900f8810a000400000035
:103ed40001404000f4ff370070400a000440000035
:103ee400f8400a000401000086806000e18f500061
:103ef400d4ff3a0003318000e9c16100d5ff3700e7
:103f040070400a0004400000f8400a000403000066
:103f1400c9ff370087007800d8ff370093c05000ee
:103f240001404000e0ff3700c8a10a00200600005d
:103f3400d2ff3700e10f500006003200e20f5000bc
:103f440003003a0060318000694060000000060010
:103f54000000050000318000694060000000060098
:103f6400b02f80004500de006140600000000600c4
:103f7400b02f80004300de006140600000000600b6
:103f840011a00a00f605000000000600b02f800012
:103f94004400de006140600000000600b02f800095
:103fa4004200de0061406000000006000000e00006
:103fb4000100320020818800000006000000060095
:103fc4000000e000010032001081880000000600bb
:103fd4000000e000010032000081880000000600bb
:103fe4000000e00001003200f080880000000600bc
:103ff4000000e00001003200e080880000000600bc
:104004000000e00001003200d080880000000600bb
:104014000000e00001003200c080880000000600bb
:10402400dc05e2003a003500dda5ab0030003a00c3
:10403400dc65ab0026003a00dd85ab001c003a00cd
:10404400dd45ab0013003a002066ab0009003a00de
:104054002c66ab0001003a0000000600c08080001e
:104064000000e00001003200000001002c66a900fd
:1040740000000600c08080000000e0000100320063
:10408400000001002066a9002c66ab00f2ff32009c
:10409400f2ff3700d08080000000e000eaff320029
:1040a400000001002066ab00e9ff3200f1ff370099
:1040b400e08080000000e000010032000000010008
:1040c400dd85a900dd45ab00dfff3200f1ff3700dd
:1040d400f08080000000e0000100320000000100d8
:1040e400dc65a900dd85ab00d5ff3200f0ff3700a9
:1040f400008180000000e0000100320000000100a7
:10410400dda5a900dc65ab00cbff3200f0ff370072
:10411400208180000000e000010032000000010066
:10412400dde5a900dda5ab00c1ff3200f0ff3700db
:10413400889fbe008a9fbe0001047800900078002a
:1041440010029000a0049000efc16400c219dd00c9
:10415400484190000244b200c44ade00e1c2620059
:1041640003417100c549de00e1c1610083c1410022
:1041740005417100c64ade00c72add000341710013
:1041840005417100c749de00e1c16100c619dd00c7
:104194000264a10003417100424498000208a30094
:1041a40013003a00f27f2000028160008001eb00de
:1041b400028cbe00ef846400e11829008984400069
:1041c40043692100416921003f0009008058eb0048
:1041d4001981fb00e800400003007800d4f70700d1
:1041e400300498004f05be004f04be0000000600d6
:1041f400610bb800c233dd00060020006011b80076
:10420400c5ff2100878162008002eb00452ddd009f
:10421400cb25de008b0575004525dd004523dd003b
:10422400e38365000601710087817100cb08de001d
:10423400610bb8000601710087817100028cbe0019
:10424400ef846400e1182900898440004369210057
:10425400416921003f0009008058eb001981fb00ef
:10426400e800400003007800b1f70700300498002c
:104274004f05be004f04be0000000600889fbe002c
:104284008a9fbe008c1f7800000578008044780067
:10429400e14f5000390032000004e00030003200e9
:1042a400e24f50003c0032000002eb000006eb003d
:1042b40070040a000c000000f8040a000c0000005e
:1042c400e10f550022003200e20f55001d003a00b4
:1042d40063318000e9c56100e1c161002082800092
:1042e40018c0b30080cf54000c003200008280005c
:1042f4000044eb0080cf5400080032000204210087
:104304000844e8000880fb004200dd000000410092
:104314001000780080cf5400f9ff3a000040eb0011
:104324000304e00003003200140178000200e000fe
:1043340020003a004f0678004f05be004f04be002f
:10434400000006008041eb0083457800e3ff37005e
:1043540003318000e9c56100e1c16100dfff37007e
:10436400846120000006eb0070400a000c4000004d
:10437400f8400a000c030000d1ff3700446220001b
:104384000006eb0070400a000c400000f8400a00f0
:104394000c010000caff3700046320000006eb0094
:1043a40070400a000c400000f8400a000c010000b4
:1043b400c3ff3700020078005dff0700e1cf54001f
:1043c4001a003200e2cf540001003a002906a80086
:1043d4000884fb004244dd00200421000000440066
:1043e4001048e800f88c0a000c000000904f1600fa
:1043f400010039000048eb0010c0b3000b38a300e3
:10440400ccff3200e10f55000a003200e20f5500e4
:10441400c8ff3a002c66a90010c0b3004f0678000c
:104424004f05be004f04be00000006001d06a80094
:10443400e7ff37002066a90010c0b3004f067800dc
:104444004f05be004f04be000000060075a10a001f
:10445400c20500008180fb00808f50000300320001
:10446400dd85ab00f9ff32002000050000000500e7
:104474008000780075a00a00c2050000e44f5000d7
:1044840006003200e18f50000400320010002000ca
:10449400e48f50000100320000000600a8210a0049
:1044a400c205000001007800e8ff3700102e8000ec
:1044b40040002000a8200a00c2050000e3ff070016
:1044c4000000e0002b003a0000762000002e880057
:1044d40080492000102e8800e0032000302e880040
:1044e400f0f02000202e8800e0002000502e8800ec
:1044f40030302000402e880020002000702e8800dc
:1045040000002100602e8800000620009030880002
:104514000148200081308800f030880001402000ec
:10452400e1308800503188004131880080338000b8
:1045340040400a0000000000803388008026ef001d
:104544008226ef008426ef008626ef0070e6a9009d
:1045540080338000c8400a000000000080338800d7
:104564008826ef008a26ef008c26ef008e26ef00c7
:1045740071e6a900c1e5a90000000600ddc5a90097
:10458400dfc5a8002328a800102e800010002000fa
:10459400a8200a00c2050000acff37000400fa009e
:1045a400889fbe008a9fbe0000047800e14f50003f
:1045b400510032000004e0003a003200e24f5000a3
:1045c400610032000000eb00b0bf9f00c0f79f0005
:1045d400d0f79f0075a20a00c20500000281fb000b
:1045e400c1419000a104900052840a000900000017
:1045f4000485fb00eb1829000a80450090427800ee
:104604000000eb000304e00012003500e60f510047
:104614001f0032000368a3001d0032004ff1970011
:10462400854f51008d0039000000e00005003a007c
:10463400300020000800e00002003a001406ab003d
:1046440056003a004f05be004f04be000080fa0039
:1046540000000600c185ab0085003a00e60f51005a
:10466400740032000368a30078003a00e84f520057
:104674008b0036000000eb000000a000cff0970094
:104684004f05be004f04be000080fa000000060083
:10469400e84f5200e1ff36000000a000cff0970081
:1046a400f7ff370080612000b0bf9f0000c4b30053
:1046b400c0f79f0030c0b300d0f79f0075a20a0076
:1046c400c20500000281fb00c1419000a1049000da
:1046d40052840a00090000000485fb00eb1829003d
:1046e4000a804500904278000000eb000304e000db
:1046f400c6ff3d00d7ff370040622000b0bf9f00d7
:1047040000c4b300c0f79f00d8f79f0075a20a0049
:10471400c20500000281fb00c1419000a104900089
:1047240052840a00090000000485fb00eb182900ec
:104734000a804500904278000000eb000304e0008a
:10474400b2ff3d00c3ff370000632000b0bf9f00ed
:1047540000c4b300c0f79f0010c0b300d0f79f009f
:1047640075a20a00c20500000281fb00c14190004d
:10477400a104900052840a00090000000485fb0093
:10478400eb1829000a804500904278000000eb00f5
:104794000304e0009dff3d00aeff37003fb99700e2
:1047a4000000eb001200e000a6ff32003fb89700c3
:1047b400100078001102be000308a3003d003a0077
:1047c400f27f200004086100618164004411dd006f
:1047d40011840a00090000004522dd000201720074
:1047e4000201750077840a00090000004622dd00fa
:1047f4000201720066890a0009000000c74cdd004e
:1048040082847400290098000318a3003700320042
:104814000950a00029009800003020001026b7009d
:10482400080078004f05be004f04be000080fa0067
:1048340000000600e84f520011003600200020005e
:104844000000a000cff097008dff37004ff09700d5
:10485400854f500076ff31000000eb000000a000ff
:104864004f05be004f04be000080fa0000000600a1
:1048740020002000e60f510066ff3a0084ff370055
:104884004ff09700854f500020002000f3ff3900bf
:104894004f05be004f04be000080fa000000060071
:1048a4004ff19700854f510061ff31000000eb008c
:1048b400eaff3700422bde0007002000f27f2000d1
:1048c400060361004b21dd00020873004b29dd0063
:1048d4004522de0004027100c52ade00f2ff210039
:1048e4000402610014009800b7ff3700680040001c
:1048f4000a8545001a81fb00b10090000cf6070000
:10490400003020001026b70008007800c5ff3700eb
:104914000040eb00f445e20004003200f4c5bf009f
:1049240000c0ea0077800a000000000000000600d2
:104934000040eb00f545e20004003200f5c5bf007d
:1049440000c0ea0077800a000000000000000600b2
:10495400c1e5a80000492000102e8800102e800018
:1049640040002000a8200a00c2050000b7fe07008e
:104974000000e00043003a00402421006030880039
:1049840000762800002e8800c265a900c285a80010
:10499400e0012000302e880070702000202e880056
:1049a40060002000502e880010102000402e880047
:1049b40022002000722e880000702000602e8800e3
:1049c40000242e00903088000048200080308800a9
:1049d40001002e00f130880000402000e030880003
:1049e40051318800403188001000200040200a0026
:1049f4007006000020202000003488008226ef008a
:104a0400f17f200021348800000024003034880025
:104a140070e6a800c8220a007006000032202000b8
:104a2400423488008a26ef0061348800703488009c
:104a340071e6a80000fe210020818800c0632200e6
:104a440010818800e0632200008188000064220055
:104a5400f080880020642200e08088004064220006
:104a6400d0808800a0632200c08088004270ef00dc
:104a74004670ef0075a00a00c2050000e44f500024
:104a84000100320000000600102e8000a8400a0039
:104a940000000000102e88000000eb006bfe3700c1
:104aa400e6874700889fbe008a9fbe008c9fbe0099
:104ab4008e1f78008004eb000c042100416220006a
:104ac40005c4b3008e6120003dc0b3000002eb00ba
:104ad4000763200016c0b300f30f20004249dd0035
:104ae400020146001204780008457800e14f5400a2
:104af400240032000804e0001e003200e24f54009b
:104b04002400320084bf9f00e4ef9f00f4ef9f0075
:104b140003046400e10f540011003200e20f54005a
:104b240004003a006b318000e9c565000b08a3005e
:104b34001c003a008904e800e28f5400e7ff3a00c1
:104b44008040eb00014078004f0778004f06be001c
:104b54004f05be004f04be006f00b1000000060008
:104b64000b318000e9c565000b08a300f1ff32009a
:104b74000c0037008ebf9f00e5ef9f00fdef9f0004
:104b8400e3ff370081bf9f00e5ef9f00f8ef9f0030
:104b9400dfff370087bf9f00e5ef9f00f6ef9f0020
:104ba400dbff37000fb997008040eb001200e000f4
:104bb400e4ff32000fb997008000780012007800fb
:104bc4005bfd0700e14f55001e003200e24f550027
:104bd40001003a002906a800c24cdd000980e80063
:104be4000006460020042100890440009c4ce80093
:104bf4009c4078007fe8970080cf50000100390086
:104c0400804ceb0011c0b3000b38a300cdff320081
:104c1400e10f54000d003200e20f5400c9ff3a00c6
:104c24002c66a90011c0b300014078004f0778003a
:104c34004f06be004f05be004f04be006f00b1001a
:104c4400000006001d06a800e3ff37002066a90047
:104c540011c0b300014078004f0778004f06be0032
:104c64004f05be004f04be006f00b10000000600f7
:104c74000000060000000600000006000000060018
:104c840000000600000006008000eb000000e000c9
:104c940002003a00a1308000e18060000100780049
:104ca4000000060001eba8000000060001eba900cb
:104cb4000000060008cba8000000060008cba900ed
:104cc4000000060000000600e30f50001900320047
:104cd400e30f50000a003600e50f500017003200c1
:104ce400e50f500017003900e60f50000b003200aa
:104cf400e70f500008003a007060800000000600d2
:104d0400e10f500007003200e10f500007003e00a1
:104d140080608000000006000000050060608000e4
:104d240000000600f06080000000060000618000c2
:104d340000000600406180000000060090618000d1
:104d4400000006005061800000000600e30f5000e0
:104d54001f003200e30f50000b003600e50f500037
:104d64001e003200e50f500020003900e60f50000d
:104d74000e003200e70f50000b003a0011a00a00a9
:104d8400300b000000000600e10f50000a00320062
:104d9400e10f50000b003e00805980004200de000d
:104da400614060000000060000000500805980009a
:104db400614060000000060099a00a00300b00006a
:104dc40000000600aaa00a00300b00000000060044
:104dd400eea00a00300b000000000600905980008d
:104de4004300de006140600000000600805980003e
:104df400ff800a000000000000000600634060001d
:104e04004801dd00f1cf2f00b45e80008481600092
:104e140083017100b35e8800d35e800083806000ec
:104e240081007100d15e88004500dd0021b02000c2
:104e340091407800f2c9b30082c0600000c07000e5
:104e440002ebb700000006002b48a8000000060093
:104e54002b48a900000006000b48a900000006002a
:104e6400a8200a006c08000000000600e30f5000b0
:104e74001e003200e30f50000b003600e50f500017
:104e84001d003200e50f50001e003900e60f5000ef
:104e94000d003200e70f50000a003a002b88a800ea
:104ea400202ba80000000600e10f5000090032008a
:104eb400e10f50000a003e002ba8a800204ba800d8
:104ec40000000600000006002b68a800200ba800c4
:104ed400000006002c88a800212ba8000000060072
:104ee4002ca8a800214ba800000006002d28a8002b
:104ef40021cba800000006002dc8a800226ba80042
:104f0400000006002d48a80021eba80000000600c0
:104f1400e30f50001e003200e30f50000b00360078
:104f2400e50f50001d003200e50f50001e0039004f
:104f3400e60f50000d003200e70f50000a003a005f
:104f44002b88a900202ba90000000600e10f5000c7
:104f540009003200e10f50000a003e002ba8a9000e
:104f6400204ba90000000600000006002b68a900e1
:104f7400200ba900000006002c88a900212ba90001
:104f8400000006002ca8a900214ba900000006007f
:104f94002d28a90021cba900000006002dc8a900d6
:104fa400226ba900000006002d48a90021eba900ee
:104fb40000000600e30f500019003200e30f500018
:104fc4000a003600e50f500017003200e50f5000cc
:104fd40017003900e60f50000b003200e70f5000b5
:104fe40008003a000b88a90000000600e10f5000f9
:104ff40007003200e10f500007003e000ba8a90093
:1050040000000600000006000b68a900000006006e
:105014000c88a900000006000ca8a90000000600e6
:105024000d28a900000006000dc8a9000000060014
:105034000d48a90000000600e30f50001e003200d6
:10504400e30f50000b003600e50f50001d00320046
:10505400e50f50001e003900e60f50000d0032002d
:10506400e70f50000a003a0020210a006e080000f1
:1050740000000600e10f500009003200e10f50006b
:105084000a003e0064210a006e08000000000600c9
:1050940000000600ec210a006c0800000000060075
:1050a40020210a00720800000000060064210a00a2
:1050b400720800000000060064210a007408000061
:1050c40000000600a8210a0076080000000006007f
:1050d400a8210a00740800000000060001eba900e2
:1050e400606080000b68a9002b68a900002bef000a
:1050f4000006200010588800042bef00062bef0058
:10510400082bef000a2bef000c2bef000e2bef0007
:10511400102bef00122bef00142bef00162bef00d7
:10512400202bef00222bef00302bef00322bef006f
:10513400382bef00402bef00482bef00502bef00f3
:105144003a2bef00422bef004a2bef00522bef00db
:105154003c2bef00442bef004c2bef00542bef00c3
:105164003e2bef00462bef004e2bef00562bef00ab
:10517400682bef006c2bef00702bef00742bef000b
:105184006a2bef006e2bef00722bef00762bef00f3
:10519400802bef00822bef00842bef00862bef0097
:1051a400882bef008a2bef008c2bef008e2bef0067
:1051b400902bef00922bef00982bef00a02bef0029
:1051c400a42bef00a82bef00ac2bef00d02bef00ab
:1051d400d22bef00d42bef00d82bef0000302000af
:1051e400b05e8800d05e8800f02bef00f22bef0059
:1051f400f82bef00fa2bef00002cef00022cef004d
:105204000c2cef000e2cef00102cef00122cef00f2
:10521400142cef00162cef00182cef001a2cef00c2
:105224001c2cef001e2cef00202cef00222cef0092
:10523400242cef00262cef00282cef002a2cef0062
:105244002c2cef002e2cef00302cef00322cef0032
:105254003c2cef003e2cef000000060000eca80000
:10526400000ce200feff3d000aeba800000006006f
:10527400e38f50003c003200e38f50001d003600e5
:10528400e58f500040003200e58f500046003900a1
:10529400e68f500058003200e78f50002d003a008e
:1052a40041002000e10f5100030032008000eb00b8
:1052b400e20f510067003200e30f50001a00320081
:1052c400e30f50001b003600e50f5000440032008d
:1052d400e50f500045003900e60f50003d00320054
:1052e400e70f50001a003a00c8210a00800b0000a2
:1052f40000000600e18f50004e003200e18f5000a4
:1053040044003e0021012000e10f5100eaff320079
:105314008000eb00e20f5100e7ff3a00310120006a
:10532400e30f5000e6ff3a0040210a008e0b000014
:1053340000000600e10f500023003200e10f50008e
:1053440006003e0040210a00820b00000000060017
:10535400000006008000eb00d7ff370040210a0060
:105364008a0b000000000600c1002000e10f51007c
:10537400d1ff32008000eb00e20f5100ceff3a0073
:10538400d1002000ccff370081002000e10f510044
:10539400c9ff32008000eb00e20f5100c6ff3a0063
:1053a40091002000c4ff3700a1002000e10f51004c
:1053b400c1ff32008000eb00e20f5100beff3a0053
:1053c400b1002000bcff3700c8210a00880b000090
:1053d4000000060040210a00800b000000000600c7
:1053e400c8210a00920b000000000600c8210a0030
:1053f4008e0b000000000600e10f5100aeff3200ea
:105404008000eb00e20f5100abff3a007100200076
:10541400a9ff3700e1002000e10f5100a6ff320090
:105424008000eb00e20f5100a3ff3a00f1002000de
:10543400a1ff370001012000e10f51009eff32005f
:105444008000eb00e20f51009bff3a0011012000a5
:1054540099ff37005100200097ff37000000e0005b
:10546400010032007083880000000600000006007e
:105474000000e000010032006083880000000600a4
:1054840000000600e30f500031003200e30f50002b
:1054940012003600e50f50001d003200e50f5000e9
:1054a40023003900e60f500039003200e70f5000a6
:1054b40016003a0011a10a00300b00000104e000bc
:1054c4000500320071608000628380000200e00009
:1054d400010032000200010000000600e10f50004c
:1054e40033003200e10f500021003e00304bab008e
:1054f400f9ff320081608000628380000200e000d6
:10550400f5ff32000000eb00020401000000060079
:10551400326bab00f0ff3200916180006283800047
:105524000200e000ecff320002000100eaff370055
:10553400300be200e8ff3d0051618000628380008f
:105544000200e000e4ff32004000200002040100f9
:1055540031cbab00e0ff3200416180006283800008
:105564000200e000dcff320002000100daff370035
:10557400314bab00d8ff32000161800062838000b0
:105584000200e000d4ff32002000200002040100e9
:10559400300bab00d0ff320061608000628380007a
:1055a4000200e000ccff320002000100caff370015
:1055b400312bab00c8ff3200f160800062838000b1
:1055c4000200e000c4ff320002000100c2ff370005
:1055d4000000060000000600002bef00000620007b
:1055e40010588800042bef00062bef00082bef0067
:1055f400003028005058880030002000605888008f
:105604005000200070588800102bef00122bef0080
:10561400142bef00162bef00100020000059880017
:10562400222bef00302bef00322bef00382bef0052
:10563400402bef00482bef00502bef003a2bef00ec
:10564400422bef004a2bef00522bef003c2bef00d4
:10565400442bef004c2bef00542bef003e2bef00bc
:10566400462bef004e2bef00562bef00682bef007c
:105674006c2bef00702bef00742bef000040200028
:10568400505b8800705b8800905b8800b05b88008a
:10569400a02bef00a42bef00a82bef00ac2bef0006
:1056a400d02bef00d22bef00d42bef00d82bef0040
:1056b40000302000b05e8800d05e8800f02bef0040
:1056c400f22bef00f82bef00fa2bef00022cef0087
:1056d4000c2cef000e2cef00102cef00122cef001e
:1056e400142cef00162cef00182cef001a2cef00ee
:1056f4001c2cef001e2cef00202cef00222cef00be
:10570400242cef00262cef00282cef002a2cef008d
:105714002c2cef002e2cef00302cef00322cef005d
:105724003c2cef003e2cef0080a322007083880005
:1057340020a42200608388000b68a9002b68a800bd
:1057440010608000b8400a00000f0000106088005c
:1057540001eba800000ca800010cab00feff320016
:105764000a0ba800002ca800012cab00feff32009d
:105774000a2ba80000eca800000ce200feff3d008c
:105784000aeba80050502000005c88005000200064
:10579400105c8800842bef00862bef0000102000a3
:1057a400405c880011002000515c88008c2bef00c5
:1057b40011102000715c8800902bef00905c880031
:1057c400982bef00000006000b48ab0001003a00e4
:1057d40000000600708380000000e0000100320039
:1057e400000001000b48a900000006000000e000d2
:1057f40008003200e10f500005003a00002ca80018
:10580400012cab00feff32000a2ba80000000600aa
:1058140000000600000ca800010cab00feff3200e3
:105824000a0ba800000006001001900032b48800a2
:105834000001eb0042b48800436821001042780064
:10584400944198005000900090b48800d2b1880030
:105854001100900040b1880052b1880060622100bc
:105864001141780012409800d1009000a1b1880045
:105874003b70ef003a70ef0000000600889fbe0006
:105884008a1f780040c0b3003b50e20019003a0080
:105894006862210018407800e24f50002f00320067
:1058a400e24f500016003600e34f5000540032001f
:1058b400a9622100e44f50005a003a00d2090700bf
:1058c4000004e00038003200190044000048900051
:1058d400c40907001900e80050b18800e20f500025
:1058e400f6ff3600004ceb000000eb0050b18800de
:1058f4003a70ef004f0578004f04be000000060028
:105904000004e0002c003200a9622100e14f5000a5
:1059140044003a00bc0907000004e0002200320001
:105924001900440000489000ae0907001900e8007f
:1059340050b18800e40f5000f6ff36000000eb0081
:1059440050b1880020c0b300004c780030c0b300d0
:105954004f0578004f04be0000000600aa62210033
:1059640079622100a80907000004e0000e0032005b
:10597400a1b1800052b18000028040001040780044
:10598400980907001a00e80050b188009980fb00cc
:10599400810f5000f3ff390030c0b300004c780091
:1059a4000000eb0050b1880030c0b3004f05780010
:1059b4004f04be000000060051c5b300014c98001e
:1059c40041b180004809de00124c9800214c980037
:1059d400304c980018409000404c98000000eb00b8
:1059e40050b1880010c0b300004c78003af0b70002
:1059f40030c0b3004f0578004f04be00000006001d
:105a04008000eb0071b18800d1c0b300214c980034
:105a140041c0b300014c78004f0578004f04be002c
:105a2400000006004f0578004f04be000000060089
:105a3400889fbe008a1f780040c0b3003a50e2003d
:105a440019003a004868210018407800e24f5000dd
:105a54002f003200e24f500016003600e34f500092
:105a64005400320089682100e44f50005a003a0083
:105a7400650907000004e000380032001900440002
:105a840000489000570907001900e80040b4880056
:105a9400e20f5000f6ff3600004ceb000000eb0074
:105aa40040b488003b70ef004f0578004f04be00ff
:105ab400000006000004e0002c0032008968210088
:105ac400e14f500044003a004f0907000004e00091
:105ad40022003200190044000048900041090700e8
:105ae4001900e80040b48800e40f5000f6ff3600c7
:105af4000000eb0040b4880020c0b300004c7800e4
:105b040030c0b3004f0578004f04be00000006000b
:105b14008a682100596821003b0907000004e0005d
:105b24000e00320091b4800042b480000280400034
:105b3400104078002b0907001a00e80040b48800e0
:105b44009980fb00810f5000f3ff390030c0b3008f
:105b5400004c78000000eb0040b4880030c0b30073
:105b64004f0578004f04be000000060051c5b30085
:105b7400014c980031b480004809de00124c9800b2
:105b8400214c9800304c980018409000404c9800ec
:105b94000000eb0040b4880010c0b300004c780053
:105ba4003bf0b70030c0b3004f0578004f04be008f
:105bb400000006008000eb0061b48800d1c0b3008f
:105bc400214c980041c0b300014c78004f05780087
:105bd4004f04be00000006004f0578004f04be00cd
:105be4000000060090009000300090000000e000eb
:105bf40002003a0031b488000000060041b1880078
:105c040000000600500190009000780030009000e1
:105c14000000e00004003a0092b4880040682100cb
:105c24001140980000000600a2b1880040682100dd
:105c34001140980000000600c00090000100e00040
:105c440009003a00c2b180008001eb001200980004
:105c540023009800316421005100980071632100f1
:105c64009180fb0001087800000006008000fa0023
:105c7400889fbe008a9fbe008c1f78008004780035
:105c840001057800e1c56000010178000b04e00023
:105c9400010032000200a1000200e0001000320006
:105ca40044f72f000f0242000900e8008202e900d5
:105cb4000500a10061f72f008f804000858240001d
:105cc40080017800a380fb00c808dd009381fb00fd
:105cd40003aa70000080e800850f5200f8ff3a0024
:105ce4008001eb0060f72f000f0040004301070024
:105cf4000004eb001c7d2000740107000004e00098
:105d040007003a000804e8008c0f54000400320035
:105d1400750107006d0107000004e000f9ff32007f
:105d2400590207000b04e0000e0032008a8444008c
:105d34008904e9009980fb000100680081002000cb
:105d440013002a00610160000000d1000200e0009d
:105d540001003200030068008100e9000100e00056
:105d6400f8ff3a00bc20ef00be20ef004f06780099
:105d74004f05be004f04be000080fa00000006007c
:105d8400889fbe008004eb00686321009a08070026
:105d94000004e000b9003200c981880084080700cb
:105da40098407800e4cf50003c003200e4cf50002b
:105db40019003e00e1cf50004c0032000104e00025
:105dc4005d003200e2cf500062003200e3cf5000a9
:105dd400eeff3a00d3b1800083004400804898006d
:105de400015e2100b28180008280400080487800fa
:105df400600321000208e80040002000000c780045
:105e0400a06321000308e80021c0b300014078002a
:105e14004f04be0000000600e6cf500062003200ce
:105e2400e6cf500068003900e7cf50007e00320012
:105e3400e8cf5000d5ff3a00ed4f5000d3ff3a00b1
:105e4400706321009080fb00e5804000005e21002b
:105e540086ff07008000eb00e0818800f181880064
:105e6400a28180008001eb003630ef00820f5000e9
:105e7400838f580092003a003430ef003c30ef003a
:105e84003e30ef0090c0b300004c78008040eb003f
:105e9400014078004f04be0000000600d3b180002a
:105ea40083004400804898001841900080407100ad
:105eb40011449800015e2100b3818000838040007a
:105ec40080487800600321000308e80050c0b30054
:105ed400004c78000000eb00d0b1880021c0b30072
:105ee400014078004f04be0000000600c800dd0039
:105ef400c1b1880021c0b300014c7800d3b1800047
:105f040003044400004c9800015e2100b28180002b
:105f14008280400080487800600321000208e80085
:105f2400a06321000308e80021c0b3000140780009
:105f34004f04be000000060051c5b300814f50005d
:105f44003f00320021c0b300014078004f04be007e
:105f5400000006008081fb00c2b180000281710054
:105f6400c2b1880032c0b300024c7800d3b18000c3
:105f740003044400004c9800025e2100b3818000b9
:105f84000301410000497800600321000308e80090
:105f9400a0632100d2b180000208e800014078002b
:105fa4004f04be00000006004800dd00a081880008
:105fb40070c0b300004c780021c0b30001407800e9
:105fc4004f04be0000000600d1b18000420420004e
:105fd400828f50000a003e0001014400504998009d
:105fe4008100e800d1b18800025e2100b381800005
:105ff4000301410000497800600321000308e80020
:10600400706321001080fb00808f5000cdff3900a9
:1060140060c0b300004c780021c0b3000140780098
:106024004f04be00000006000080fb003430b700bf
:1060340080c0b300004c780021c0b300c2ff370019
:1060440011c0b300014c7800004c9800015e21009f
:10605400b281800082804000804878006003210083
:106064000208e80010002000d0b1880021c0b3006d
:10607400014078004f04be0000000600c18180008a
:106084008100e800f2702200828f500005003e007b
:10609400c181880011c0b300014078004f04be00e4
:1060a400000006003830ef0061632100804878006a
:1060b40011c0b300014078004f04be000000060088
:1060c40031c0b300014078004f04be000000060058
:1060d400b020ef00b220ef00b620ef00b420ef00b4
:1060e400be20ef00bc20ef00800020008005880067
:1060f400f0f020009005880060162300e0838800fb
:10610400b1e0a80050002800a0058800b620ef00e8
:10611400bc20ef00be20ef006000b800a0b98800ea
:10612400b1b9880080b988009005800040800a00d9
:10613400000000000040e800e17221009040980057
:10614400000006000004200080058800b220ef0053
:10615400b420ef00b620ef00bc20ef00be20ef001b
:1061640000000600840580004322de0061426200d4
:10617400c8a50a00b2000000e10f51001c00320063
:1061840092058000c8220a00b200000033230a00ee
:10619400b0000000e272210012419000e84f51006b
:1061a4000c003e00b8e0b7000668a900b080a80063
:1061b4000668ab00feff3200b080a90033240a0059
:1061c400b00000000668a900c8250a00b20000005b
:1061d40000000600c0058800f04f5100f2ff3600b1
:1061e400d10588000668a900b080a800f0ff370038
:1061f400e0058800f105880000000600c8a10a0037
:10620400b2000000e4722100014ae8009105800018
:1062140040810a00010000008140e800114298001a
:10622400a2b98800b3b98800c0b988000000eb00a7
:1062340080b9880040429800b080a80000000600a1
:10624400c8a40a00b2000000e6722100044be80072
:106254009405800040840a00040000000442e80021
:1062640014439800a2b98800b3b9880061016000a2
:106274008001eb00e00f5100e08f59000200320072
:1062840061005000e0805800c0b98800d1b988008e
:106294000000eb0080b9880010c0b30040439800b0
:1062a40090058000c8400a00001f00009005880087
:1062b400b080a800000006000000e00001003200e9
:1062c400e0838800000006000000060080b980001a
:1062d4006300680000f0a7000000ea000000e90085
:1062e4004f00de0000000600889fbe008a9fbe00ab
:1062f400e172210080b98000e10f50004e003200ad
:106304000000e00019003200e20f50000d003200de
:10631400e30f500002003200b020ef00b220ef0083
:106324000668ab0004003200e08380000000e00057
:1063340001003200000001004f05be004f04be0002
:10634400000006000668ab00f5ff32001140e900ca
:10635400c8200a00b2000000b080a9000668a900a5
:106364003000200080b98800edff370041409000e4
:106374000004e0003f003200c0b98000d1b98000c1
:10638400e2ff2f0000015100ab028000b080a900a1
:106394000668a900a1028800a8b98000b9b98000e4
:1063a400b0e0ab0076003a00e00f5400e08f5c00f0
:1063b4007b0032000200e0001c0032008a732100de
:1063c400437321001400200005002000d6ff2f0095
:1063d400f7ff2f001004ba003a004200aa804a00d6
:1063e4009084ba000000420081804a00c0b988004d
:1063f400d1b98800c8058800d90588003304430052
:10640400a3844b00a8b98800b9b988000281e900c7
:10641400b0e0ab005a003a00e00f5400e08f5c009b
:106424005f0032000200e000eaff3a00ab0288009d
:10643400b080a800baff37000668ab00b8ff32008e
:10644400b080a9000668a900114090008040e900ce
:10645400c8210a00b2000000e84f50002a003e00a4
:10646400b860ef00b080a8002000200080b9880048
:10647400abff3700b0e0ab00a9ff3a000668a90003
:1064840011417800a0b98000b1b98000e84f5100f3
:1064940025003600f04f510050003600b0e0ab004c
:1064a40047003a00e00f5000e08f5800120032001d
:1064b400c2b98000c4ff2f00f5ff2f00120378003b
:1064c400c605880092019000d3058800640141004c
:1064d4000000420081804a00b0e0ab0035003a0081
:1064e400e00f5000e08f5800f4ff3a00a0b9880094
:1064f400b1b98800c2b98800b080a800100020009b
:1065040080b9880086ff3700b820ef00f04f5000b4
:10651400d4ff3600ba20ef00b080a800200020008d
:1065240080b988007eff3700b0e0ab0024003a0059
:10653400e00f5000e08f5800efff3200c2b9800036
:10654400f4ff2f00f5ff2f0032437800830b200067
:10655400864978000000420081804a00b0e0ab0028
:1065640014003a00e00f5000e08f5800f6ff3a00a4
:10657400a0b98800b1b98800c2b98800deff37002d
:10658400ab028800b080a800e00f5400e08f5c00ec
:1065940063ff3a001000200080b9880060ff3700d4
:1065a400ab028800b080a8001000200080b98800e9
:1065b4005bff3700a0b98800b1b98800c2b9880070
:1065c400b080a800e00f5000e08f580054ff3a005c
:1065d4001000200080b9880051ff3700b0e0ab0004
:1065e400f7ff3a00e00f5000e08f5800c2ff32007e
:1065f400c2b98000e4ff2f00f5ff2f00b20178003c
:10660400c30588000000420081804a00b0e0ab006e
:10661400e8ff3a00e00f5000e08f5800f7ff3a001f
:10662400a0b98800b1b98800c2b98800b2ff3700a8
:10663400e072210010409000e84f500004003e003a
:10664400f00f2000bc00b6008000eb000000060044
:10665400f04f500003003e00e00580008000eb0096
:1066640000000600f00580008000eb00c000dd00a3
:1066740000002000e20580008001eb0000007100b2
:106684008180710000000600889fbe00e8ff0700bb
:10669400f27221001282fb000402e90016002000bd
:1066a40007002000f002120004003b008502ea000b
:1066b4008531dd000001eb00040037008532de0087
:1066c4000431dd008439dd0083817200e00f500065
:1066d400e08f5800120032006022b80061046000ac
:1066e4008004eb00e00f5400e08f5c0002003200f5
:1066f40002027200838272008301d1000281d300fe
:106704008100d1000080d300e00f5000e08f5800da
:10671400f2ff3a000400be004f04be000000060071
:106724006022b8000400be004f04be000000060052
:10673400889fbe000004be00bdff07000803680078
:1067440089836800f07221001080fb008000eb0058
:10675400e00f5000e08f58000e0032006022b800b5
:106764006011b80018002000090020000201410057
:10677400838149000200a0000402440085824c0089
:10678400800f5200818f5a00f8ff3a000200630024
:10679400838063004f04be00000006000400fa007a
:1067a400889fbe0000447800c2bf9f00d3bf9f00f3
:1067b4009fff07000804e0004fb99700dfb9970076
:1067c4001c003200b0ff07004fb99700dfb99700f3
:1067d4000201680083816800f07221001080fb00d0
:1067e4008000eb00e00f5000e08f58000e003200f4
:1067f4006033b8006022b8001800200009002000af
:106804000402420085824a000400a00006034400fa
:1068140087834c00800f5300818f5b00f8ff3a00a0
:1068240004006100858061004f04be000080fa000e
:1068340000000600c2bf9f00d3bf9f007cff07007b
:10684400dfb997004fb99700e1ff3700404c2100b2
:10685400422120000300200032a6880043a68800bd
:106864008000eb0051a688001200200062a6880078
:10687400030420000308780002a68800c14a21000e
:10688400040021000500200074a5880085a5880067
:1068940092a58800a2a5880083087800824b210075
:1068a40015080700e01a80007065800000000600eb
:1068b40070a5800081a5800002002100820f500095
:1068c400e08f58001300320002302000820f500085
:1068d400e08f580004003200900e2900b0a5880013
:1068e400c04a2100110837008450e20005003a0034
:1068f4008470ef00900e2900b0a58800c04a2100e2
:106904000a083700c04a2100000807008470ef001d
:10691400f8ff3700800a2900b0a58800c04a21008a
:1069240002080700003020000100200070a5880044
:1069340081a5880010c0b30084f0b70000000600f1
:10694400c04a2100a1a58000e38f5000010032005d
:106954000000060000000500889fbe008a1f780022
:10696400f30a0700000578006d0d07008004780025
:10697400ec0a07000000400066046000c34cdd0020
:106984008a84440009044400e30a0700110020003b
:106994008008dd00619d8800789d88005184800016
:1069a400a0122000010040001081fb00f014200020
:1069b400010040001080fb000000400099a30a0081
:1069c400580e000003004000c211dd000300400027
:1069d4004311dd00020040000114b0009180fb006f
:1069e400c408dd00023b210001094000e00a070061
:1069f400909d8800bf0a0700a09d8800ba0a07007e
:106a04008000eb00121f2000820f500048003e005f
:106a1400b19d8800ab0a0700c09d880070658000a6
:106a2400d09d8800db0a0700e09d8800786580001f
:106a3400d80a070000045400f89d8800a40a07003f
:106a4400009e8800d60a0700109e880050848000ab
:106a540080189100219e8800b0109100319e88001a
:106a640080289100419e880010289100509e880043
:106a7400c20a0700609e8800ba0a0700709e880058
:106a84005884800068109100809e8800a8009000bf
:106a9400919e880008189100a09e8800c11a800069
:106aa400b19e880038209100c09e88009880910093
:106ab400d19e880068809100e09e8800283d910066
:106ac400fa9e8800983c9100099f8800609e80008f
:106ad4008000eb0090ea070038399100c839910032
:106ae40093eb070071ea0700109f8800688c9100ff
:106af400289f88008a84540009f0a7008904ea00ca
:106b0400399f8800e2012000c13e2100c03a2100e3
:106b14003f070700c03e210070a68800c003200084
:106b240020a688004f0578004f04be000000060030
:106b34006d0a0700f1e02f0080804000b19d8800bd
:106b4400600a0700c09d880070658000d09d8800a1
:106b5400900a0700e09d8800786580008d0a070090
:106b640000045400f89d8800590a0700009e88001c
:106b74008b0a0700109e88005084800080189100c2
:106b8400219e8800b0109100319e880080289100d9
:106b9400419e880010289100509e8800770a0700c3
:106ba400609e88006f0a0700709e880058848000e9
:106bb40068109100809e8800a8009000919e880033
:106bc40008189100a09e8800c11a8000b19e880018
:106bd40038209100c09e880098809100d19e880042
:106be40068809100e09e8800283d9100fa9e88000c
:106bf400983c9100099f8800609e80008000eb0013
:106c040045ea070038399100c839910048eb07007c
:106c140026ea0700109f8800688c9100289f88004e
:106c24008a84540009f0a7008904ea00399f880087
:106c3400e2012000c13e2100c03a2100f406070011
:106c4400c03e210070a68800c003200020a6880052
:106c54004f0578004f04be0000000600881f78002e
:106c640010047800a00a2000800f5400170032009e
:106c7400800f54000a003600b00b2000800f54002f
:106c84001900320000a02a00800f540002003a00cc
:106c9400da0707006d0907004f04780000000600ba
:106ca4000800e00013003200e10f5400faff3a003c
:106cb4005084800040c09200e14f5000f6ff3a003b
:106cc400fd0907004f047800000006006c09070066
:106cd4005084800011c0b30001c09a008c050700e5
:106ce4004f047800000006005b2ea9004f047800d2
:106cf400000006000040eb00ef090700508480000c
:106d040008c09a004f04780000000600881f78002d
:106d14008a9fbe008c9fbe00900078000000000097
:106d2400000000000000000000000000c20c200071
:106d3400828f50003c003200828f50001f003600ca
:106d4400d20d2000828f50003d003200e20e200060
:106d5400828f500015003a00100490005084800087
:106d6400303d9100c03d91006140b800eae9070060
:106d74000006be006011b8000a00be00c9e90700a1
:106d84000000e000050034000a01be000c00be0053
:106d940008ea0700c5e90700000478000800780045
:106da400b609070050848000488099004f06be0051
:106db4004f05be004f04780000000600a20a200020
:106dc400828f50000d003200b20b2000828f5000e1
:106dd400f6ff3a0010009000e01a8800d01a8800ec
:106de400401e8800301e88002e63a8004f06be0097
:106df4004f05be004f047800000006005184800057
:106e0400a16892000104e000e8ff3a00100090003d
:106e1400a30907002b0507004f06be004f05be005f
:106e24004f0478000000060010009000900907004d
:106e34004f06be004f05be004f0478000000060058
:106e440010009000706588004f06be004f05be001c
:106e54004f04780000000600881f780000047800c2
:106e64000200780001017800c14221007a0607007f
:106e740020202000800f5400070032003020200022
:106e8400800f540002003a00c04221009fff070017
:106e94004f04780000000600c04221006fff070085
:106ea4004f04780000000600881f7800884b2100fa
:106eb40000a680000000e00012003200a2828000e0
:106ec400b382800061004100e0804900a082880014
:106ed400b1828800eb0f5000e08f580002003e00a2
:106ee4004f047800000006009bfe0700404c210080
:106ef4008e0607005430ef005630ef004f04780040
:106f040000000600080078009806070012a680001a
:106f140098007800d0a58000cfff07000800780013
:106f24007c060700a2828000b382800061004100d9
:106f3400e0804900a0828800b1828800eb0f5000f5
:106f4400e08f5800e6ff3600e7ff3700100190009d
:106f5400a00190008280880093808800c0cfb30095
:106f640014f0b70011019000a10190000280880084
:106f740013808800d0cfb30004f0b70000000600ef
:106f84009af3070011c0b3000004e00002003a00c5
:106f9400014078000000060080002100c0f60700d0
:106fa400e140680001407800000006000100210073
:106fb4000000eb0079f5070041c0b3000000e000d9
:106fc40001003a008040eb00014078000000060018
:106fd400010121000000eb0070f5070041c0b3007f
:106fe4000000e00001003a008040eb00014078001e
:106ff400000006008000780010019000a0019000bd
:1070040010007800b10090000100e0003e003a005a
:1070140082808800938088008000eb0002032000b7
:10702400820f5000e08f5800050036001450a8006d
:107034001470a8001490a80014b0a8000000060062
:1070440000060100c3003700c7003700cb0037003b
:10705400cf003700d3003700d7003700db003700fc
:10706400df003700e3003700e7003700e6003700b1
:10707400e5003700e4003700e8003700e700370098
:10708400e6003700e5003700e9003700e800370084
:10709400e7003700e6003700ea003700e900370070
:1070a400e8003700e7003700550037005400370088
:1070b40053003700520037005100370050003700aa
:1070c4004f0037004e0037009d0037009c0037000a
:1070d4009b0037009a00370099003700980037006a
:1070e400970037009600370095003700940037006a
:1070f400930037009200370091003700900037006a
:107104008f0037008e0037000280880013808800cb
:107114008000eb0002032000820f5000e08f580033
:10712400050036000450a8000470a8000490a800cc
:1071340004b0a80000000600000601003a00370071
:107144003e00370042003700460037004a0037004f
:107154004e00370052003700560037005a003700ff
:107164005e0037005d0037005c0037005b003700cd
:107174005f0037005e0037005d0037005c003700b9
:10718400600037005f0037005e0037005d003700a5
:1071940061003700600037005f0037005e00370091
:1071a4006200370061003700600037005f0037007d
:1071b4005e0037005d0037005c0037005b0037007d
:1071c4001400370013003700120037001100370095
:1071d400100037000f0037000e0037000d00370095
:1071e4000c0037000b0037000a0037000900370095
:1071f4000800370007003700060037000500370095
:107204001450a8001470a9001490a80014b0a80089
:10721400000006000450a9000470a8000490a8000f
:1072240004b0a800000006000450a9000470a900de
:107234000490a90004b0a900000006000450a800ae
:107244000470a9000490a90004b0a900000006007d
:107254000450a9000470a8000490a90004b0a90077
:10726400000006000450a8000470a8000490a900bf
:1072740004b0a900000006000450a9000470a9008d
:107284000490a80004b0a900000006000450a8005f
:107294000470a9000490a80004b0a900000006002e
:1072a4000450a9000470a8000490a80004b0a90028
:1072b400000006000450a8000470a8000490a80070
:1072c40004b0a900000006000450a9000470a9003d
:1072d4000490a90004b0a800000006000450a8000f
:1072e4000470a9000490a90004b0a80000000600de
:1072f4000450a9000470a8000490a90004b0a800d8
:10730400000006000450a8000470a8000490a9001e
:1073140004b0a800000006000450a9000470a900ed
:107324000490a80004b0a800000006000450a800bf
:107334000470a9000490a80004b0a800000006008e
:107344001450a9001470a8001490a80014b0a80048
:10735400000006001450a9001470a9001490a9009c
:1073640014b0a900000006001450a8001470a9006d
:107374001490a90014b0a900000006001450a9003c
:107384001470a8001490a90014b0a900000006000d
:107394001450a8001470a8001490a90014b0a900f7
:1073a400000006001450a9001470a9001490a8004d
:1073b40014b0a900000006001450a8001470a9001d
:1073c4001490a80014b0a900000006001450a900ed
:1073d4001470a8001490a80014b0a90000000600be
:1073e4001450a8001470a8001490a80014b0a900a8
:1073f400000006001450a9001470a9001490a900fc
:1074040014b0a800000006001450a8001470a900cd
:107414001490a90014b0a800000006001450a9009c
:107424001470a8001490a90014b0a800000006006d
:107434001450a8001470a8001490a90014b0a80057
:10744400000006001450a9001470a9001490a800ac
:1074540014b0a80000000600d00090003000900096
:107464000000e00002003a00b1808800000006003d
:107474003180880000000600c00090000100e00098
:107484000f003a0072808000520098004280800011
:1074940053808000120098002300980052a20a0032
:1074a4000c1000000281fb008001eb00ee0f510084
:1074b400e08f590003003600010420000108780021
:1074c4000000060002060100140037001500370012
:1074d40017003700190037001b0037001d00370064
:1074e4001f00370021003700230037002500370034
:1074f40027003700290037002b0037000100370030
:107504000300370001022000010878000000060093
:107514000103200001087800000006000008eb00c9
:107524000000060011002000010878000000060099
:10753400210020000108780000000600310020002e
:1075440001087800000006004100200001087800ce
:107554000000060051002000010878000000060029
:10756400610020000108780000000600710020007e
:10757400010878000000060081002000010878005e
:1075840000000600c1002000010878000000060089
:1075940001012000010878000000060041012000dc
:1075a400010878000000060081012000010878002d
:1075b40000000600889fbe008a9fbe0080047800f9
:1075c40010049000e20f540090003200e20f5400c7
:1075d40015003600e40f54004a003200e40f540052
:1075e4005b003900e50f540041003a00601c900034
:1075f4000800e000320032000040eb00d04c98005c
:1076040080c49a00500020009004980010c0b30079
:107614002204070020c0b300f20307004f05be0098
:107624004f04be00000006000800e00063003200c2
:10763400e10f54002e003a00601c90000800e000a6
:1076440089003a00504890000004e0000c00320029
:1076540049c09200e14f500009003a006705070055
:10766400fa0607001900a00088c49a002000200030
:10767400900498004f05be004f04be0000000600b1
:1076840089c09200e1cf5000e10032000104e00023
:10769400e2ff3a000004eb00982499000000eb009c
:1076a4009803070092030700c8c49a001000200042
:1076b400900498004f05be004f04be000000060071
:1076c4001010a1005b2ea90077060700980498000b
:1076d400691890000000e000c7ff3a0010c0b30032
:1076e400ee03070020c0b300be030700cbff370042
:1076f4000000eb00900498004f05be004f04be004c
:1077040000000600601c90000800e00022003a001f
:10771400d04890000104e00078003200e0109100ad
:1077240020009000808f5000d200320030002000f2
:107734009004980020c0b300d803070010c0b30021
:10774400a80307004f05be004f04be00000006005a
:10775400601990000200e0000f003a0050489000c9
:107764000004e00047003200e00f20000900400060
:10777400150707000004e000eeff3200400020007f
:107784009004980020c0b300c403070010c0b300e5
:1077940094030700ebff37000040eb00d04c980047
:1077a400500020009004980020c0b300bb030700e1
:1077b40010c0b3008b030700e2ff37000f0507007a
:1077c400a20607000040eb00a86c9a00c0749a005f
:1077d400c1cfb30099cc6000d04c980020c0b30056
:1077e4008003070010c0b3007e030700608480009c
:1077f4000000e0004b003200c10821008008e900cd
:107804004f05be004f04be00000006006018900043
:107814000000e0000b0032000040eb00d04c980068
:10782400500020009004980020c0b3005a030700c1
:1078340010c0b3006b0307004f05be004f04be0029
:1078440000000600d94890000104e00016003a0048
:107854009004980020c0b3004f03070010c0b30089
:1078640060030700f4ff37000040eb00d04c9800a1
:1078740050002000900498004f05be004f04be0045
:10788400000006001a0307001900a10020002000d0
:107894009004980020c0b3008003070010c0b30018
:1078a40050030700a7ff37001900a0003000200094
:1078b4009004980010c0b300e0cc9a00a06c9a0029
:1078c400c0749a0002002500f35024003938910056
:1078d400c938910016e80700f4e60700e01499009f
:1078e400a0049800c084990020c0b3002a030700b4
:1078f40010c0b3003b030700cfff3700fc020700b2
:107904001900a1002000200090049800350307000e
:1079140020c0b3006103070010c0b30031030700a7
:1079240088ff37003000200060848800e5060700e7
:10793400421520000901410080007800020078000f
:107944006d0607000000e00034ff3200e006070087
:10795400e21520000901410080007800020078004f
:10796400650607000000e0002cff320080162000ae
:1079740009004000a91090005f0607000000e00025
:1079840026ff320069289100d01498003930910004
:10799400901c980089389100913c990001152000b1
:1079a40089804000521a20008208400021152000de
:1079b400898040004217200082084000508f200038
:1079c400a03c990058848000283891008000eb0086
:1079d400d1e607000005be00183891008000eb00d6
:1079e400cde607000001be000a00be00f1e6070074
:1079f400b03c9900c13c990010002000900498000c
:107a04005b2ea8004f05be004f04be000000060018
:107a14001920910039219100820f5000110031008a
:107a240081142000898040009100e800c12499005d
:107a3400f98f500007003600000000000000eb0042
:107a4400c024990020142000090040001000e80020
:107a540090249900ab0207001000200090049800c5
:107a640048ff3700c1c49a00a60207001000200096
:107a7400faff3700080707006018200009004000db
:107a84001000e800b0849900613e2000810f50008e
:107a940028ff3600198591002003200009004000ca
:107aa400100555006150b8009be60700408388002c
:107ab40051838800ea0f55000900360002aa21000c
:107ac400f3da23009ae70700408388005183880093
:107ad40076e6070001192000810f50000b003600e4
:107ae400e88499004981910008045100a804980091
:107af4000000eb00b084990020c0b300e702070047
:107b040010c0b300b70207000eff3700e0849900ed
:107b1400810c2000810f500003003600f80b200078
:107b2400e8849900efff3700000478004981910050
:107b340008045100a80498000000eb00b0849900e8
:107b4400edff370001087800120098004300980008
:107b540054009800650098008000eb00010898002c
:107b640021509800000006000108780012009800d7
:107b740023009800340098004500980056009800af
:107b8400670098008000eb00010898001108980035
:107b9400000006004100980052009800630098001d
:107ba400000006000108780012009800000006009a
:107bb4000200fa00a0519000908f100017003c00c2
:107bc4000304e00015003a00ee0040009100e800d4
:107bd4007100980040029000848f50000c00360021
:107be40011c0b300315098000200e00003003200dd
:107bf400f0bf9f00020001007fb8970011c0b300de
:107c0400215098008000eb007100980013c0b3006d
:107c1400034078000080fa00000006001001900084
:107c2400810f510002003400e1cf51000a003200fc
:107c34008000eb00710098000370a7008341ea0004
:107c44008341ea0077830a000300000003407800c0
:107c54000080fa0000000600ee0040001102e80077
:107c6400740098008002eb0050039000e003900041
:107c7400860f5200878f5a00e5ff36008000eb0024
:107c840071009800215098008041eb000340780077
:107c94000080fa00000006000200fa00a0519000e3
:107ca400908f1000170035000304e00015003a001f
:107cb400ee0040009100e80071009800400290003e
:107cc400848f50000c00360011c0b300315098006e
:107cd4000200e00003003200f0bf9f000200010038
:107ce4007fb8970011c0b300215098008000eb00ca
:107cf4007100980013c0b300034078000080fa00bc
:107d04000000060010019000810f510002003d00a8
:107d1400e1cf51000a0032008000eb0071009800ae
:107d24000370a7008341ea008341ea0077830a00d5
:107d340003000000034078000080fa000000060001
:107d4400ee0040001102e800740098008002eb008d
:107d540050039000e0039000860f5200878f5a0072
:107d6400e5ff36008000eb00710098002150980078
:107d74008041eb00034078000080fa000000060018
:107d84000400fa00a05190000104e0000c003a0045
:107d9400e1cf5100240032008000eb007100980014
:107da4000370a7008341ea008341ea0077830a0055
:107db40003000000034078000080fa000000060081
:107dc4000304e000f4ff3a00ee0140001302e8006f
:107dd40074009800c00290008041eb00850f5200af
:107de400f4ff360013c0b300335098000200e000e3
:107df40005003200e0bf9f00f1bf9f0002000100b8
:107e0400ffb897006fb8970012c0b30022509800d3
:107e14000001eb0072009800814178000340780073
:107e24000080fa0000000600ee0040001102e800a5
:107e3400740098008002eb0050039000e00390006f
:107e4400860f5200878f5a00daff36008000eb005d
:107e540071009800215098008041eb0003407800a5
:107e64000080fa0000000600881f780000047800f3
:107e7400205090000004e0001c003a00988f10008d
:107e8400130035006e0044009000e800710498006f
:107e9400c80190000040eb00838f50000a003900b5
:107ea40010c0b300305498000200e000010032001a
:107eb4000200010010c0b300205498000000eb0041
:107ec4007004980010c0b3004f047800000006004e
:107ed40028009000810f5000eaff34000000eb00fe
:107ee400700498004f047800000006001800900009
:107ef400810f500012003d0038009000810f5000a7
:107f04000f0034006e0044001001e8007204980071
:107f14008001eb0010c0b30058029000e80290000a
:107f2400840f5100858f5900e7ff36000000eb00f5
:107f340070049800205498004f0478000000060054
:107f44000000eb007004980010c0b3004f047800e8
:107f5400000006003822ef0000802000d0118800c5
:107f640000082000e0118800e0022000f0118800e1
:107f740040362000001288004222ef0039e2a800b7
:107f840038a2a8003882a800000006003822ef00ba
:107f94003a22ef0000082000e0118800e0022000ef
:107fa400f01188004022ef004222ef00000006009a
:107fb40011a00a003e020000e14f5000fcff320015
:107fc40011a00a003c020000e14f50000200320000
:107fd40020128000000006003c22a900201280002c
:107fe400000006003e82ab00feff3a000080fb006a
:107ff400401288000000060011a00a003e020000a2
:1080040010c0b200000006000040eb003e82ab004e
:1080140003003a00c01180004500de0061406000aa
:10802400000006000040eb003ce2ab00030032001d
:10803400f01180004500de00614060000000060091
:1080440038a2a8000000060038a2a900000006001b
:108054005cc2a900614160004211dd00c12520001d
:10806400914078000124a10082c07000c225200044
:108074000149780066200a0038020000000006006a
:10808400c01180004600de00614060000000060070
:10809400e01280004200de00614060000000060043
:1080a4008230ef000000eb003c62ab0022003a009b
:1080b4003cc2ab0019003a0011a10a003c020000c6
:1080c400e1cf50000f0032003c02ab0007003a0041
:1080d4003ca2ab0001003a00000006000040a000f2
:1080e400108488003ca2a900000006000030a00013
:1080f400108488003c02a9003ca2ab00f6ff3200c9
:10810400f6ff37000020a000108488003c22a9005c
:108114003c02ab00eeff3200f4ff37000010a00079
:108124001084880011a10a003c020000e1cf500035
:10813400e5ff3a00f3ff37001000200010848800a8
:108144003cc2ab00dcff3200f4ff370000128800b1
:10815400ef806000111288000000060010128000f9
:108164008000eb00c001dd0002002000001280004e
:108174008000eb00020070008380700000000600a5
:108184000002be00e0052000800f5200e08f5a007c
:108194000a0036003b62a80038e2a9000401be00d0
:1081a40000102e00515f2000f2e407000012880046
:1081b4006f80600010128800000006003b62a90076
:1081c400f70f5200e08f5a000e00360038e2a80084
:1081d4004229dd00ce21de00830171004221dd0051
:1081e40000102e00515f2000e2e4070061005000ff
:1081f400e0805800001288006f8060001012880030
:108204000000060038e2a9004429dd00cc21de008c
:10821400830171004421dd0000102e00515f200015
:10822400d4e4070061005000e08058000012880088
:108234006f80600010128800000006001212800097
:108244008001eb00c012dd00040020000212800057
:108254008001eb0004017100858171003b62ab0079
:108264000b003a0061004100e080490038e2ab00b5
:108274000d003a004409dd00cc01de0083017100e9
:108284004401dd0000102e00515f2000b9e43700e6
:10829400e00f5100e08f5900f2ff320000102e0071
:1082a400515f2000b3e437004209dd00ce01de0057
:1082b400830171004201dd0000102e00515f200097
:1082c400ace4370051848000710890002169920069
:1082d4000204e00002003a00020720008280b90094
:1082e40090089800c01a88008000d100b11a880054
:1082f400a11f800080805000811f8800411c8000e5
:1083040000805000201c88002e63a8000000060096
:10831400cde3a80061e3a80097e3a8002be3a8003d
:108324001000200010200a00000300000018800044
:1083340054400a0000000000001888008038210022
:108344000003e200040035000000e9000000e00042
:10835400fbff3a00000006002e63a8003263a80069
:108364003243a8006863a9006843a8009e63a8007c
:108374009e43a800d463a900d443a80031a3a90054
:108384003183a90067a3a8006783a8009da3a9005f
:108394009d83a900d3a3a800d383a80000000600ee
:1083a40031a3a8003183a80067a3a8006783a800ad
:1083b4009da3a8009d83a800d3a3a800d383a800ed
:1083c400000006008008200050198800001b880067
:1083d400b01c8800601e880000802000601988009e
:1083e40030242000101b880010242000c01c8800aa
:1083f400701e880001002300811988003223ef00d9
:1084040000002700301b88006823ef00e11c88006f
:108414009e23ef00901e8800d423ef003423ef0046
:108424003000200020200a003403000070fe2f00da
:108434003423b6003503a8003623ef0036c3a80062
:108444006a23ef006c23ef003000200020200a0094
:10845400a003000070fe2f00a023b600a223ef00ab
:10846400d623ef00d823ef0000c42900901a880017
:10847400401c8800f01d8800a01f880000e2240032
:10848400701a8800d01d880000282000e01a880097
:10849400d01a88009223ef0001372000811c880045
:1084a400401e8800301e8800fe23ef00e11f880074
:1084b4005823ef00701a8000201e8800901a800054
:1084c400c11a8000821c800082804000010050009c
:1084d400201c8800901a8000c11a8000e21f8000ce
:1084e4008280400001005000801f880000000600c8
:1084f40031a3a8003183a8009da3a8009d83a800f0
:1085040000000600810c20008180b900c01a880098
:108514000000d100b01a88002e63a80000000600f5
:1085240050848000e0c892000104e000130032008f
:10853400e088910070c992000204e00008003a004b
:1085440000299100810f51000c00310011c0b300cb
:1085540071c89a00d383a9006783a90000000600ac
:1085640010299100810f5100040036008040eb0077
:1085740071c89a00d383a8006783a800000006008e
:108584002074210021c0b3000148780021409800e4
:108594001140980000000600e24f50000e003e001b
:1085a4000081fb00217421008280400012c0b300ce
:1085b400914f11000800320082487800824f500029
:1085c40006003200e24f5000020032005beea800c9
:1085d400000006005aeea800000006005b0ea8008a
:1085e40000000600e24f50000d003e000081fb0039
:1085f40021742100828040001104e0000800320050
:108604008048eb00e14f500006003200e24f50007a
:10861400020032005beea800000006005aeea9003a
:10862400000006005b0ea90000000600e14f5000a8
:10863400060032000004e00012003200e24f500055
:1086440008003200000000000000060088a00a00b4
:108654005a0e000010c0b20088200a005a0e000012
:1086640000000600d07280000070a2000008b20072
:10867400d17280000170a10081007000d172880065
:1086840000000600d07280004f00de000000a2004f
:10869400ff200a005a0e000000000600e24f5000be
:1086a40005003e000080fb00217421000080400092
:1086b40021c0b3000148780000000600e24f5000da
:1086c40008003e000080fb002274210000014100ec
:1086d40053c0b30003497800c27321000000410075
:1086e4000148780000000600e24f500005003e00fb
:1086f4000080fb00217421000080400031c0b300e1
:108704000148780000000600e24f500005003e00da
:108714000080fb00217421000080400041c0b300b0
:108724000148780000000600889fbe0023742100e1
:10873400f273210010c0b30046c1b3000044eb0043
:1087440027c0b30059c0b3008042e900b3407800a9
:10875400e1cf50000b00360006427800e3cf500012
:108764000400320007427800e4cf500001003200d8
:10877400094278009240e80084cf5000060031009e
:1087840001497800e24f50000f003e000040e8002d
:108794000201e800ecff370008497800e1cf5200fd
:1087a40013003200e2cf520009003a00d072800078
:1087b4000070a2000008b200d17280000170a10014
:1087c40081007000d17288004f04be0000000600d2
:1087d400d1728000cf08de000100a200ff210a0050
:1087e4005a0e0000e24f5000e8ff3600f6ff370053
:1087f40088a10a005a0e000011c0b20088210a00a4
:108804005a0e00000040e8000201e800ceff3700e5
:10881400020141000200e0000e0032008081e90004
:108824008100e8000201e9000200a100020040000a
:108834000382e80084017800f8820a001400000032
:10884400f2f89f00944878008180e800800f52007d
:10885400f7ff3a0000000600889fbe00e144610073
:10886400020478000904e000130032000800a100ab
:108874000800e000150032000003eb008001eb006b
:1088840083834000830240003582fb004822dd00e0
:108894009582fb00850b42008381e8000603e80013
:1088a400888f5100f6ff39000904e00008003a00ff
:1088b4004f04be00000006000200e000fcff32008e
:1088c4000003eb008001eb00edff37000003eb0039
:1088d4000603e8000603430006834000020040004c
:1088e4000000e9001080fb004800dd00000b780068
:1088f4004f04be0000000600208388000183880026
:1089040012838800a394840003040100e19484008a
:1089140001040100c0009000e28f50000200320008
:10892400110020004100980000000600881f780014
:108934000004780040009000e10f5000040036006d
:10894400e40f5000020032004f04780000000600db
:1089540008007800f1948400010001002000200048
:10896400400498004f04780000000600019584003c
:108974000104010010838000680040001000e90039
:10898400e10f50001c003600208380006800400086
:108994001080e900e10f50000c00360000838000d5
:1089a400680040001080e900e10f5000010036002b
:1089b40000000600d0948400000001000080fb0049
:1089c40001838000c000980000000600c094840069
:1089d400000001000080fb0021838000c00098009b
:1089e40000838000680040001080e900e10f50001f
:1089f400efff3e00efff3700b09484000000010059
:108a04000080fb0011838000c00098002083800058
:108a1400680040001080e900e10f5000dfff3e00d5
:108a2400eaff3700000006005bcea80050848000f7
:108a34001110200001289800adfe0700508480002a
:108a440051002000110098001100200061189800c6
:108a54005bcea90000000600a5fe0700508480003c
:108a64001100200061189800c1cfb30090c06000cd
:108a740062c8700000000600881f7800a808210062
:108a8400210520001880400014002000050020006b
:108a9400130020005228200061d1200029fc070087
:108aa400610620001880400014002000050020000a
:108ab40013002000b2e4200001fd200021fc070087
:108ac400a1072000188040001400200005002000a9
:108ad4001300200012762000c178200019fc070042
:108ae400e108200018804000140020000500200048
:108af400130020006283200001d7200011fc07002e
:108b0400210a2000188040001400200005002000e5
:108b140013002000b2472000c12f200009fc0700e9
:108b2400a10c200018804000240020000500200033
:108b340023002000d28120007189200001fc07005d
:108b440010d8200070658800605124005704070085
:108b54004f04780000000600889fbe005084800007
:108b6400e01090002005b000e252240010fc070041
:108b74000044780050848000901090006006b0009b
:108b8400e25224000afc0700004464005084800080
:108b940090109000a007b000e25224003efc0700b1
:108ba4000044640050848000b0109000e008b000dd
:108bb400e2522400fefb0700084460005084800059
:108bc400b0189000a00cb000e2522400f8fb07009b
:108bd400598480000840600061006000000040008b
:108be400990078000110a100808c7000cc0407006b
:108bf400e01c98004f04be00000006005084800072
:108c04008000eb00012898002130980041a09800d2
:108c1400413898006180980001909800219898004c
:108c240061a8980001b898008670ef006118980058
:088c34001010a1000000060071
:020000040000fa
:108c3c006c1000000400000080000000941600007e
:108c4c004000000080000000401000000800000000
:108c5c008200000001000000000200000000000083
:108c6c00181000000e0000008000000044120000ec
:108c7c006801000080000000781000000200000075
:108c8c00800000007a10000002000000800000004c
:108c9c002e1700000e000000800000007c10000069
:108cac0002000000800000007e10000002000000a6
:108cbc008000000048100000080000008000000048
:108ccc000e17000020000000800000008010000043
:108cdc000200000080000000821000000200000072
:108cec008000000000100000180000008000000050
:108cfc00601000000600000080000000e01500007d
:108d0c00b400000080000000341000000c000000d3
:108d1c0080000000ac130000240100008000000063
:108d2c0050100000080000008000000084100000bb
:108d3c000200000082000000010000003c1700004f
:108d4c000a00000080000000d01400001001000098
:108d5c00800000008610000002000000800000006f
:108d6c0088100000020000008000000026100000a7
:108d7c000e00000080000000d41600003a00000035
:108d8c0080000000de6f0000220000008000000068
:108d9c009210000012000000800000007010000013
:108dac0004000000800000005810000008000000c3
:108dbc00800000007410000004000000800000001f
:108dcc00a41000009e010000800000008a1000002a
:108ddc000200000082000000a41000008c100000b3
:108dec00020000008200000002000000661000007b
:108dfc0006000000800000008e1000000200000041
:108e0c0082000000dcff0000901000000200000057
:088e1c008000000000000000ce
:020000040000fa
:108e2400a06f21004107210001087800e409210016
:108e3400e4b78800c3ff2600f3b7880062ff26006a
:108e440002b888008000eb0011b88800f5ff270005
:108e540035b8880021b8880041b8880085a324006b
:108e640055b8880045392600a5838800b5c6210079
:108e7400b583880065072300050a7800a44e200006
:108e84000485880044472d001485880081097800f2
:108e9400f17f8b0001097800c17f8b00d17f8b00ab
:108ea40041033700806e2100840921000408780002
:108eb4008105210051b7880003ff260063b78800ad
:108ec40082fe260072b788008000eb0081b788001c
:108ed400a5122400a5b78800d5ff2f0095b78800f8
:108ee400b1b7880085a32400c5b78800b524220043
:108ef400050a7800e4dd2f00d484880054f42f00a0
:108f0400e4848800c4ff2700c482880094ea2b000c
:108f1400d482880024702800e482880054852400c8
:108f2400f482880081097800917f8b00a17f8b00f7
:108f340001097800517f8b00617f8b00717f8b006a
:108f44001a023700406d2100010721000108780052
:108f540024092100b4b6880043fe2600c3b6880065
:108f6400e2fd2600d2b688008000eb00e1b688005e
:108f7400f5ff270005b78800f1b6880065222000b8
:108f840015b7880005cd200025b78800f5a0260078
:108f940085838800055f2100958388008509270063
:108fa400050a780084042000a484880004fb2800b7
:108fb400b484880081097800317f8b00010978002e
:108fc400017f8b00117f8b00f70237000000eb005c
:108fd400807f8b00907f8b00a07f8b00407f8b0075
:108fe400507f8b00607f8b00707f8b00207f8b0015
:108ff400307f8b00f07e8b00007f8b00107f8b0016
:1090040000000600800078000508200080824200ed
:109014006011b8005102780002014200e081490069
:10902400818f5200fbff3a00ca18dd004611de00b2
:1090340002817000c619de000208780000000600f4
:10904400881f780088552100284091000004e00022
:109054000200320008007800eaff070018007800d8
:109064004f04780000000600881f7800084d210096
:10907400284091000004e00002003200080078005b
:10908400e0ff0700180078004f0478000000060095
:109094008055210020409100014d2100a140910004
:1090a4000140600000000600815521000040eb00f3
:1090b400a04099000000eb00f0ae88008008780022
:1090c400014d2100a0409900b0aa880080087800d2
:1090d40000000600889fbe0089552100f8ae80007c
:1090e400f0032000800f54000f00360010c0b300be
:1090f400a04499000000eb00f0ae8800094d210067
:10910400b8aa8000f0032000800f5400120036003b
:1091140010c0b300a04499000000eb00b0aa88007e
:109124004f04be0000000600e05d21000808e800ce
:10913400e40007000804e80008044400088444002c
:10914400000c7800094d2100b8aa8000f00320002b
:10915400800f5400eeff3e00605521000808e8002f
:10916400db0007000804e800080444000884440005
:10917400000c78004f04be0000000600d5ff370045
:10918400a04091000104e000010032009dff0700af
:1091940000000600889fbe008a1f7800490a21004b
:1091a4000004eb005885880048858800688588009d
:1091b40078858800001d2100408d8800800a2100e8
:1091c400508d880010002000308d88004100200060
:1091d400218d8800188d88000045eb00884c9a008a
:1091e400611c2100e18c8800c10a2100f18c8800f7
:1091f400d08c8800c0032000c08c8800b88c880004
:10920400cafc99004fff070026ff0700aa6c9a00ca
:10921400f0ff2700608e8800488e8800588e8800f2
:10922400388e8800ca749a00b08e8800988e8800a0
:10923400a88e8800888e88004f0578004f04be00f1
:109244000000060050848000daf837000000eb00cc
:109254005085880040858800608588007085880076
:10926400308e8800d08e8800808e8800f0ff270022
:10927400b08e8800608e8800008f880053ff37000e
:10928400807b2400708f8800b900070032f32f0020
:10929400000141004311de00828f8800708f80003e
:1092a4006102b8000500090042aad80001052000a7
:1092b400810f500002003e00508f8800000006001d
:1092c400518f8800000006000000eb00e08f88004a
:1092d400f1032000f18f880000908800309088000e
:1092e4004190880050908800809088009190880078
:1092f400a090880000000600000378001002be0061
:1093040004814000e0814a00800078008298be0019
:109314001102e80024009800b0009000810f520070
:109324000200310040009000000006000500090022
:109334004499d8000002780040039800000beb0029
:10934400361378000001eb00220398000400780033
:1093540000000600889fbe000002780081017800aa
:10936400c00090003000900054019000820241003f
:109374008502420015037800830a780000804100ca
:10938400e080480006005000e08058000004be0061
:1093940030029800410298000201e8008001eb00cd
:1093a400350020006a034200050009004599d800f1
:1093b400010b78000500090045ccd8006002980034
:1093c4004f04be00000006008040eb0021489800d6
:1093d4009000e80001087800900190000041eb0043
:1093e400838f5000100036000008eb00b00190009d
:1093f400930078004001900012017800828f5000a1
:109404000c0032002002900084824000850f51003d
:109414000d003e0084805000810f51000400310093
:10942400810978000041eb0002407800000006004a
:109434008209780011c0b3002148980001417800e6
:109444000240780000000600850978000041eb0026
:10945400024078000000060050848000200890003c
:10946400000006005184800090009800000006006f
:1094740051848000c00098000000060051848000e0
:10948400a00098000000060051848000d0009800dd
:109494000000060051848000e008980000000600e7
:1094a40051848000f0089800000006005184800078
:1094b400b00898000000060051848000d04898004d
:1094c4000000060050848000401090000000060058
:1094d40050848000601090000000060050848000da
:1094e400001890000000060050848000301890009e
:1094f4000000060050848000401890000000060020
:1095040050848000700090000000060050848000a9
:1095140000089000000006005084800010009000b5
:10952400000006005084800010007800000006004f
:10953400508480006d0040001080fb000000060095
:109544005084800060089000000006005084800071
:10955400201890000000060000000600000005002e
:1095640000000500508480003010900000000600c8
:109574005084800010109000000006005084800089
:109584002010900000000600508480001008900015
:109594000000060050848000501090000000060077
:1095a400508480001018900000000600326bab005d
:1095b40003003200508480009161800041189800bb
:1095c40031cbab0003003200508480004161800045
:1095d40031189800312bab00030032005084800016
:1095e400f160800031109800314bab000300320071
:1095f400508480000161800011109800304bab0052
:1096040003003200508480008160800021109800a3
:109614000000060053848000437092000004e000c0
:1096240010003a00236892000004e00001003a00b0
:10963400000006000319910063889100a0119900ad
:1096440041122000838040006312b000806e21002c
:1096540020000700508480003010910090ff070024
:1096640018fb370023109000f0119900631191004a
:10967400e1122000838040000313b000406d2100fc
:109684001801070053848000236892000004e0005e
:10969400e7ff3200e7ff37005384800073399100fd
:1096a40020062000800f510009003600533a910033
:1096b400e33a91000500090042aad800908199007c
:1096c4006000b800d0399900e1399900f039990067
:1096d40000000600841f7800851f7800881f78002a
:1096e4008a1f78004400f800040a2000240288003d
:1096f4003005900040049000aa02900035059800bf
:109704009a029000250598008a0290001505980099
:1097140091025100882add00050d780010049000a4
:109724004604c3004604c0004604c0004604c0000a
:109734001201c00000049000200590004604c700f8
:109744004604c0000204c0001201c0000400cd00a1
:10975400e00290001301c000d00290000500c80090
:109764000400cd00f00290001520e6000502780008
:10977400800a900015a0e60005027800faba970066
:10978400050d7800eaba970075bd9f0064bd9f007f
:10979400840978004400f9004f0578004f047800ec
:1097a400cf0278004f02780000000600801f780086
:1097b400200090000018eb000018eb000008eb00fc
:1097c4004f007800801f7800300090000018eb00f4
:1097d4000018eb000018eb000008eb004f007800c5
:1097e4000000060000000600c3e8a9000000000015
:1097f400000000004d020700c3e8a80000000000bc
:109804000000000040bf24004082880025a8a80072
:109814000000060000002800e002880000000600a6
:10982400000024000003880010c0b3004ef0b7000d
:10983400000006004e70ef006800ab00feff32002f
:109844008000200020038800000006004003800000
:109854006140600000000600e104210091407800ae
:109864000140780000000600b0038000a2038000dd
:109874008000eb00c000dd00000020008001eb0050
:10988400020070008380700000000600d003800096
:10989400c20380008000eb00c000dd000000200057
:1098a4008001eb000200700083807000000006005d
:1098b400100e20006800b60000000600700380004f
:1098c400620380008000eb00c000dd000000200087
:1098d4008001eb000200700083807000000006002d
:1098e4000000e00001003200408288000000060011
:1098f4000004200000648800a00820003064880070
:1099040050052000206488008a2cef008000280085
:1099140040648800e083200070648800d00c20003c
:1099240060648800922cef00902cef00942cef00e0
:1099340040ce2400d083880081eca80000000600fb
:1099440081eca900802cef00a0082000306488007e
:1099540050052000206488008a2cef00882cef003a
:109964008e2cef008c2cef00922cef00902cef004b
:10997400942cef0000000600406480004700de00e5
:10998400614060000000060081eca80000000600b1
:1099940081eca9000000060089eca8000000060084
:1099a40089eca90000000600b0200a008e0c00001b
:1099b400000006000000e00001003200d0838800af
:1099c400000006000000060009a8ab0001003a00f0
:1099d40000000600d08380000000e0000100320097
:1099e4000000010009a8a90000000600062eef00ef
:1099f400222eef0000402000f07188005a2eef0064
:109a04007001200010708800f03f2000f070880082
:109a1400f09f2f00d071880040c52300b0728800e9
:109a24000a2eef00262eef00422eef005e2eef00ee
:109a34000c2eef00282eef00442eef00602eef00d6
:109a4400082eef00242eef00402eef005c2eef00d6
:109a5400f00120000070880060382000e070880069
:109a6400f00c2000c071880000c02200a0728800a1
:109a74000000eb0051052000b1468800a10a200037
:109a8400b146880000688800b0c3b30028edb70071
:109a940060c4b30038edb70090012000d8200a005c
:109aa400980d00001100200050210a009a0d0000ba
:109ab40020022000d8200a00a20d0000510120003d
:109ac400d8210a00a40d00000080200051052000c8
:109ad400b1468800a10a2000b146880000688800c9
:109ae40000000600841f7800851f7800881f780016
:109af4008a1f78004400f800040a20002402880029
:109b040030059000400490009a02900025059800ca
:109b14008a0290001505980091025100882add0000
:109b2400050d7800100490004604c3004604c000ec
:109b34000204c0001201c00000049000200590003f
:109b44004604c7000204c0001201c0000400cd0096
:109b5400e00290001301c000d00290000500c8008c
:109b64000400cd00f00290001520e6000502780004
:109b7400800a900015a0e60005027800faba970062
:109b8400050d780074bd9f00840978004400f90035
:109b94004f0578004f047800cf0278004f02780018
:109ba4000080fe0000000600801f78002000900066
:109bb4000018eb000008eb004f007800801f7800cd
:109bc400300090000018eb000018eb000008eb00d8
:109bd4004f00780000000600600420000064880044
:109be400a00820003064880050052000206488000c
:109bf400aa2cef0080302a004065880000f0200085
:109c040070658800d00c200060658800b22cef00dd
:109c1400b02cef00b42cef0000e62400c0838800d1
:109c240009e8a90029e8a80081eca80000000600c2
:109c340081eca90009e8a90029e8a900802cef001b
:109c4400a0082000306488005005200020648800ab
:109c5400aa2cef00a82cef00ae2cef00ac2cef00e8
:109c6400b22cef00b02cef00b42cef000000060083
:109c7400406580004700de0061406000000006008f
:109c840081eca8000000060081eca9000000060099
:109c9400a9eca80000000600a9eca9000000060039
:109ca400b0200a00ae0c0000000006000000e00036
:109cb40001003200c0838800000006000000060096
:109cc400841f7800851f7800881f78008a1f780019
:109cd4004400f800040a20002402880030059000a3
:109ce400400490009a029000250598008a02900092
:109cf4001505980091025100882add00050d7800b1
:109d0400100490004604c3004604c0000204c000ce
:109d14001201c0000400cd00900a90001201c3009b
:109d24001301c00000049000200590004604c70001
:109d34000204c0001201c0000400cd00e002900043
:109d44001301c000d00290000500c8000400cd003b
:109d5400f00290001520e60005027800800a9000c9
:109d640015a0e60005027800faba9700050d780000
:109d740074bd9f00840978004400f9004f05780001
:109d84004f047800cf0278004f0278000080fe0074
:109d9400000006003230ef003030ef000000060013
:109da4003230ec000028a9002b0107002e70ec00d3
:109db4002ed0bf00e94f500001003e000000060015
:109dc400260107002e70ef0000000600818180004c
:109dd40090818000808f50001b0032003030ec00f6
:109de4001f0107002c30ec0060818000e90f500057
:109df40001003e00000006002c30ef0019010700ae
:109e04002a30ec0050818000e90f5000f9ff360041
:109e14002a30ef00140107002830ec004081800054
:109e2400e90f5000f3ff36002830ef00100107005f
:109e34002630ec0030818000e90f5000edff360041
:109e44002630ef000b0137000b0137003230ef00f2
:109e54003030ef00ddff0700dcff0700fdff3700b7
:109e640010002300307c880020032000407c880000
:109e74008c2fef0010212000507c88001110280046
:109e8400717c8800d1072000817c8800907c880048
:109e940090202800d07c8800b82fef00ba2fef0064
:109ea400be2fef00002def00a02fef00a42fef0036
:109eb400a62fef00a82fef00aa2fef00ae2fef0080
:109ec400b02fef00b22fef008007200032002000f7
:109ed400a109200053f820008049780081497800c6
:109ee40082497800600420001200200071052000df
:109ef40043f820008049780081497800824978003d
:109f0400840fab00feff3a0084afab00feff3200cb
:109f140000000600eea00a008e0f000000000600fc
:109f24005184800050062000010040001080fb0096
:109f34000000400012052000010141001281fb00d5
:109f440002004000920c2000010141001281fb003c
:109f54004211dd000200400092072000010141008f
:109f64001281fb004311dd0002004000d2082000f2
:109f7400010141001281fb004411dd000200400098
:109f8400120a2000010141001281fb004511dd008d
:109f940002004000520b2000010141001281fb002d
:109fa4004611dd0002004000d20d200001014100f5
:109fb4001281fb004711dd0002004000110fb000c8
:109fc4009180fb00c808dd0001004000000006008d
:109fd400400880008000eb0000000600200880009c
:109fe4008000eb00000006000021ef000421ef00d8
:109ff400f070220040088800600325000084880077
:10a004000028a9002028a80001e1a80000000600fb
:10a0140001e1a9002028a9000021ef000421ef009c
:10a0240008a1ef00000006000028a9002028a800cd
:10a0340001e1a8000000060001e1a9002028a90010
:10a0440000000600400888000000060064200a00a2
:10a0540040080000000006000000e000010032009b
:10a064000084880000000600000006004008880004
:10a07400000006006900070046fc07007efa07009e
:10a0840029e8a90060002000ec200a00660800000e
:10a0940009e8a90029e8a80078000700ebf1070007
:10a0a40037f90700508480008000eb00712099008c
:10a0b40008cba800fcfb070083fc07007184800028
:10a0c400e00821000108e9000100e0000700320077
:10a0d40000000000718480000108e900100178008c
:10a0e400728488000100e000f9ff3a006a0007006a
:10a0f40020ed2400d8ff070054ff0700ffff3700be
:10a104000000fe00604c020000000000821f780086
:10a11400528280000000110002002000810019001a
:10a124004f017800000006000000fe00801f780048
:10a13400811f7800821f780060038000801f7800f0
:10a14400604c0200000000004f0178000201500042
:10a154000201e900528288004f017800cf007800a4
:10a164004f00780000000600007c8000000006001c
:10a17400007c80000000e0001000350000e8a3002f
:10a184000100320081cfa9000098a3000100320031
:10a19400812fa9000078a3000100320080efa900fc
:10a1a4000068a3000100320080cfa9000048a3008a
:10a1b40001003200808fa9000000060081efa90091
:10a1c400eeff3700802fef00000006001000200093
:10a1d400ec200a006c080000ec200a00660800006d
:10a1e40064200a005608000064200a0040080000a9
:10a1f4000000060040002000ec200a006c0800006b
:10a20400ec200a006608000064200a0056080000da
:10a2140064200a00400800000000060010ff070048
:10a22400f2fd0700ecec0700c9e90700b0fd0700e8
:10a2340069fe0700a6ef07006bfd07008ae207002e
:10a2440069ff070043f70700c3e8a8000000000007
:10a2540000000000ddff3700fafb370000000600b5
:10a26400f0f9370000000600c2f907000ef33700ca
:10a274002df937008ef137000000060000000000c1
:10a2840000000000000000004ef8070020f837002e
:10a294000000fe0000000600befe3700ddfc3700b3
:020000040000fa
:020000040005f5
:047e0000ffffff0081
:020000040000fa
:020000040005f5
:047e2000ffffff0061
:020000040000fa
:020000040005f5
:047e300078ffff00d8
:020000040000fa
:020000040005f5
:047e380078ffff00d0
:020000040000fa
:020000040005f5
:047e4000f453ff00f8
:020000040000fa
:020000040005f5
:047e4800ffffff0039
:020000040000fa
:020000040005f5
:047e5000deffff0052
:020000040000fa
:020000040005f5
:047e58000000ff0027
:020000040000fa
:020000040005f5
:047e60000000ff001f
:020000040000fa
:020000040005f5
:047e68000000ff0017
:020000040000fa
:020000040005f5
:047e70000000ff000f
:020000040000fa
:020000040005f5
:047e7800ffffff0009
:020000040000fa
:020000040005f5
:047e8000fffcff0004
:020000040000fa
:020000040005f5
:047e8800ffffff00f9
:020000040000fa
:020000040005f5
:047ff800ffffff0088
:020000040000fa
:020000040100f9
:04300000ffffff00cf
:00000001FF
